year,noc,country_name,country_sport_hhi,medal_sport_entropy,medal_sports,top_sport_medal_share
1896,AUS,Australia,0.5555555555555556,0.6365141682948128,2,0.6666666666666666
1896,AUT,Austria,0.52,0.6730116670092565,2,0.6
1896,DEN,Denmark,0.3888888888888889,1.0114042647073518,3,0.5
1896,FRA,France,0.40495867768595034,0.9949236325717751,3,0.5454545454545454
1896,GBR,United Kingdom,0.25925925925925924,1.3689223607402192,4,0.3333333333333333
1896,GER,Germany,0.5306122448979591,0.9943536917623688,5,0.7142857142857143
1896,GRE,Greece,0.14049586776859507,2.06813124194567,9,0.20454545454545456
1896,HUN,Hungary,0.3888888888888889,1.0114042647073516,3,0.5
1896,SUI,Switzerland,1.0,-0.0,1,1.0
1896,USA,United States,0.7340720221606647,0.4361623253853443,2,0.8421052631578947
1900,AUS,Australia,0.5555555555555556,0.6365141682948128,2,0.6666666666666666
1900,AUT,Austria,0.5555555555555556,0.6365141682948128,2,0.6666666666666666
1900,BEL,Belgium,0.26543209876543217,1.50346078725383,6,0.3888888888888889
1900,BOH,Czechia,0.5555555555555556,0.6365141682948128,2,0.6666666666666666
1900,CAN,Canada,1.0,-0.0,1,1.0
1900,COL,Colombia,1.0,-0.0,1,1.0
1900,CUB,Cuba,1.0,-0.0,1,1.0
1900,DEN,Denmark,0.38775510204081637,1.15374194270109,4,0.5714285714285714
1900,ESP,Spain,1.0,-0.0,1,1.0
1900,FRA,France,0.09496347558631296,2.5567376845454035,18,0.16666666666666666
1900,GBR,United Kingdom,0.14058956916099774,2.1827109370470024,12,0.21428571428571427
1900,GER,Germany,0.21875,1.559581156259877,5,0.25
1900,HAI,Haiti,1.0,-0.0,1,1.0
1900,HUN,Hungary,0.52,0.6730116670092565,2,0.6
1900,IND,India,1.0,-0.0,1,1.0
1900,ITA,Italy,0.3600000000000001,1.0549201679861442,3,0.4
1900,LUX,Luxembourg,1.0,-0.0,1,1.0
1900,MEX,Mexico,1.0,-0.0,1,1.0
1900,NED,Netherlands,0.26530612244897955,1.4750763110546947,5,0.42857142857142855
1900,NOR,Norway,0.6800000000000002,0.5004024235381879,2,0.8
1900,NZL,New Zealand,1.0,-0.0,1,1.0
1900,SUI,Switzerland,0.654320987654321,0.5297061990576545,2,0.7777777777777778
1900,SWE,Sweden,0.5,0.6931471805599453,2,0.5
1900,USA,United States,0.5356652949245541,1.0926497921816019,8,0.7222222222222222
1904,AUS,Australia,1.0,-0.0,1,1.0
1904,AUT,Austria,0.625,0.5623351446188083,2,0.75
1904,CAN,Canada,0.2222222222222222,1.5607104090414063,5,0.3333333333333333
1904,CUB,Cuba,1.0,-0.0,1,1.0
1904,FRA,France,1.0,-0.0,1,1.0
1904,GBR,United Kingdom,1.0,-0.0,1,1.0
1904,GER,Germany,0.296875,1.559581156259877,7,0.5
1904,GRE,Greece,0.5,0.6931471805599453,2,0.5
1904,HUN,Hungary,1.0,-0.0,1,1.0
1904,NOR,Norway,1.0,-0.0,1,1.0
1904,SUI,Switzerland,0.5555555555555556,0.6365141682948128,2,0.6666666666666666
1904,USA,United States,0.13013232514177694,2.3904974744631295,18,0.2826086956521739
1906,AUS,Australia,0.5555555555555556,0.6365141682948128,2,0.6666666666666666
1906,AUT,Austria,0.30864197530864196,1.2730283365896256,4,0.4444444444444444
1906,BEL,Belgium,0.26530612244897955,1.4750763110546947,5,0.42857142857142855
1906,BOH,Czechia,1.0,-0.0,1,1.0
1906,CAN,Canada,1.0,-0.0,1,1.0
1906,DEN,Denmark,0.5,0.8675632284814612,3,0.6666666666666666
1906,FIN,Finland,0.5,0.6931471805599453,2,0.5
1906,FRA,France,0.17192147531231408,1.9250756738423287,9,0.2926829268292683
1906,GBR,United Kingdom,0.2384,1.5622927142743392,6,0.36
1906,GER,Germany,0.17346938775510204,1.8468891232610354,7,0.2857142857142857
1906,GRE,Greece,0.16081632653061226,1.9557445883475806,9,0.22857142857142856
1906,HUN,Hungary,0.32000000000000006,1.3592367006650063,5,0.5
1906,ITA,Italy,0.234375,1.6020559154587262,6,0.375
1906,NED,Netherlands,1.0,-0.0,1,1.0
1906,NOR,Norway,0.5,0.6931471805599453,2,0.5
1906,SUI,Switzerland,1.0,-0.0,1,1.0
1906,SWE,Sweden,0.6428571428571428,0.6559757323365467,3,0.7857142857142857
1906,USA,United States,0.9168241965973536,0.17884491271684755,2,0.9565217391304348
1908,ANZ,Australia,0.28,1.3321790402101223,4,0.4
1908,AUT,Austria,1.0,-0.0,1,1.0
1908,BEL,Belgium,0.21875,1.6674619334292948,6,0.375
1908,BOH,Czechia,1.0,-0.0,1,1.0
1908,CAN,Canada,0.25,1.5481155268740174,6,0.375
1908,DEN,Denmark,0.44,0.9502705392332347,3,0.6
1908,FIN,Finland,0.44,0.9502705392332347,3,0.6
1908,FRA,France,0.16897506925207756,1.9096604215404316,8,0.2631578947368421
1908,GBR,United Kingdom,0.0799550100249401,2.7451848885146477,23,0.14685314685314685
1908,GER,Germany,0.1597633136094675,1.8848713335781606,7,0.23076923076923078
1908,GRE,Greece,0.625,0.5623351446188083,2,0.75
1908,HUN,Hungary,0.2345679012345679,1.5229550675313184,5,0.3333333333333333
1908,ITA,Italy,0.25,1.3862943611198906,4,0.25
1908,NED,Netherlands,0.5,0.6931471805599453,2,0.5
1908,NOR,Norway,0.3125,1.2554823251787535,4,0.375
1908,RSA,South Africa,1.0,-0.0,1,1.0
1908,RUS,Russia,0.5555555555555556,0.6365141682948128,2,0.6666666666666666
1908,SWE,Sweden,0.1328,2.145078387279827,10,0.2
1908,USA,United States,0.5368620037807182,1.026295851576009,7,0.717391304347826
1912,ANZ,Australia,0.7551020408163265,0.410116318288409,2,0.8571428571428571
1912,AUT,Austria,0.375,1.0397207708399179,3,0.5
1912,BEL,Belgium,0.33333333333333337,1.242453324894,4,0.5
1912,CAN,Canada,0.46875,0.9002560512685369,3,0.625
1912,DEN,Denmark,0.1527777777777778,1.9792045174343245,8,0.25
1912,FIN,Finland,0.3431952662721893,1.2716410027325824,5,0.5
1912,FRA,France,0.2,1.7670091910745693,7,0.3333333333333333
1912,GBR,United Kingdom,0.1445568114217728,2.132032091928679,12,0.21951219512195122
1912,GER,Germany,0.15384615384615385,2.020925542571085,9,0.2692307692307692
1912,GRE,Greece,1.0,-0.0,1,1.0
1912,HUN,Hungary,0.3125,1.3862943611198906,5,0.5
1912,ITA,Italy,0.28125,1.320888343149322,4,0.375
1912,NED,Netherlands,0.5555555555555556,0.6365141682948128,2,0.6666666666666666
1912,NOR,Norway,0.18000000000000005,1.7480673485460896,6,0.2
1912,RSA,South Africa,0.3888888888888889,1.0114042647073518,3,0.5
1912,RUS,Russia,0.28,1.3321790402101223,4,0.4
1912,SUI,Switzerland,1.0,-0.0,1,1.0
1912,SWE,Sweden,0.15502958579881654,2.1614744030462196,14,0.26153846153846155
1912,USA,United States,0.47845804988662133,1.0298850572631248,6,0.6507936507936508
1920,AUS,Australia,0.5555555555555556,0.6365141682948128,2,0.6666666666666666
1920,BEL,Belgium,0.16439909297052158,2.1874598219404904,14,0.3333333333333333
1920,BRA,Brazil,1.0,-0.0,1,1.0
1920,CAN,Canada,0.3827160493827161,1.1490596969706202,4,0.5555555555555556
1920,DEN,Denmark,0.17159763313609472,1.8446214763655029,7,0.23076923076923078
1920,ESP,Spain,0.5,0.6931471805599453,2,0.5
1920,EST,Estonia,0.5555555555555556,0.6365141682948128,2,0.6666666666666666
1920,FIN,Finland,0.3581314878892734,1.2068772722509635,5,0.47058823529411764
1920,FRA,France,0.10090702947845803,2.454118854467685,14,0.19047619047619047
1920,GBR,United Kingdom,0.14115738236884803,2.283849741886055,15,0.27906976744186046
1920,GRE,Greece,1.0,-0.0,1,1.0
1920,ITA,Italy,0.152,2.0233517742082827,9,0.24
1920,JPN,Japan,1.0,-0.0,1,1.0
1920,LUX,Luxembourg,1.0,-0.0,1,1.0
1920,NED,Netherlands,0.20661157024793386,1.6726254461503207,6,0.2727272727272727
1920,NOR,Norway,0.24137931034482757,1.722657500284923,9,0.3793103448275862
1920,NZL,New Zealand,1.0,-0.0,1,1.0
1920,RSA,South Africa,0.24000000000000002,1.5047882836811908,5,0.3
1920,SUI,Switzerland,0.30578512396694213,1.2882523050229002,4,0.45454545454545453
1920,SWE,Sweden,0.1220703125,2.2955594896012013,13,0.21875
1920,TCH,Czechia,0.5,0.6931471805599453,2,0.5
1920,USA,United States,0.19534626038781164,1.8948683691839006,12,0.30526315789473685
1924,ARG,Argentina,0.5,0.8675632284814612,3,0.6666666666666666
1924,AUS,Australia,0.5,0.8675632284814612,3,0.6666666666666666
1924,AUT,Austria,1.0,-0.0,1,1.0
1924,BEL,Belgium,0.19526627218934914,1.7782333057997077,7,0.3076923076923077
1924,CAN,Canada,0.375,1.0397207708399179,3,0.5
1924,DEN,Denmark,0.17355371900826444,1.8462202193216335,7,0.2727272727272727
1924,EST,Estonia,0.3888888888888889,1.0114042647073518,3,0.5
1924,FIN,Finland,0.4054054054054055,1.0211372837037784,4,0.4594594594594595
1924,FRA,France,0.09625,2.495039955172949,15,0.15
1924,GBR,United Kingdom,0.15102040816326529,2.2173061945182813,13,0.3142857142857143
1924,GRE,Greece,1.0,-0.0,1,1.0
1924,HAI,Haiti,1.0,-0.0,1,1.0
1924,HUN,Hungary,0.24000000000000007,1.6094379124341003,6,0.4
1924,IRL,Ireland,1.0,-0.0,1,1.0
1924,ITA,Italy,0.140625,2.0140355237092673,8,0.1875
1924,JPN,Japan,1.0,-0.0,1,1.0
1924,LUX,Luxembourg,1.0,-0.0,1,1.0
1924,MON,Monaco,1.0,-0.0,1,1.0
1924,NED,Netherlands,0.15702479338842973,1.9722469794234416,8,0.2727272727272727
1924,NOR,Norway,0.30000000000000004,1.2798542258336676,4,0.4
1924,NZL,New Zealand,1.0,-0.0,1,1.0
1924,POL,Poland,0.5,0.6931471805599453,2,0.5
1924,POR,Portugal,1.0,-0.0,1,1.0
1924,ROU,Romania,1.0,-0.0,1,1.0
1924,RSA,South Africa,0.5555555555555556,0.6365141682948128,2,0.6666666666666666
1924,SUI,Switzerland,0.18080000000000004,1.863890494824686,8,0.28
1924,SWE,Sweden,0.1248513674197384,2.1635016724963716,10,0.1724137931034483
1924,TCH,Czechia,0.8200000000000001,0.3250829733914482,2,0.9
1924,URU,Uruguay,1.0,-0.0,1,1.0
1924,USA,United States,0.17600244872972146,2.0365479440857297,13,0.32323232323232326
1924,YUG,Serbia,1.0,-0.0,1,1.0
1928,ARG,Argentina,0.38775510204081637,1.15374194270109,4,0.5714285714285714
1928,AUS,Australia,0.375,1.0397207708399179,3,0.5
1928,AUT,Austria,0.375,1.0397207708399179,3,0.5
1928,BEL,Belgium,0.3333333333333333,1.0986122886681096,3,0.3333333333333333
1928,CAN,Canada,0.35111111111111104,1.2868726303980165,5,0.5333333333333333
1928,CHI,Chile,1.0,-0.0,1,1.0
1928,DEN,Denmark,0.3333333333333333,1.2148896539491203,4,0.4444444444444444
1928,EGY,Egypt,0.375,1.0397207708399179,3,0.5
1928,ESP,Spain,1.0,-0.0,1,1.0
1928,EST,Estonia,0.44,0.9502705392332347,3,0.6
1928,FIN,Finland,0.4464,0.9500028724426168,4,0.56
1928,FRA,France,0.12320000000000002,2.224228946236883,11,0.2
1928,GBR,United Kingdom,0.1652892561983471,1.9060871689615397,8,0.22727272727272727
1928,GER,Germany,0.1334648257725181,2.2497391220793506,13,0.23076923076923078
1928,HAI,Haiti,1.0,-0.0,1,1.0
1928,HUN,Hungary,0.18000000000000002,1.8343719702816237,7,0.3
1928,IND,India,1.0,-0.0,1,1.0
1928,IRL,Ireland,1.0,-0.0,1,1.0
1928,ITA,Italy,0.15000000000000002,2.0388550509975096,9,0.25
1928,JPN,Japan,0.52,0.6730116670092565,2,0.6
1928,LUX,Luxembourg,1.0,-0.0,1,1.0
1928,NED,Netherlands,0.13043478260869565,2.148365610638593,10,0.17391304347826086
1928,NOR,Norway,0.375,1.0397207708399179,3,0.5
1928,NZL,New Zealand,1.0,-0.0,1,1.0
1928,PHI,Philippines,1.0,-0.0,1,1.0
1928,POL,Poland,0.22448979591836732,1.5498260458782016,5,0.2857142857142857
1928,POR,Portugal,1.0,-0.0,1,1.0
1928,RSA,South Africa,0.3333333333333333,1.0986122886681096,3,0.3333333333333333
1928,SUI,Switzerland,0.342560553633218,1.3130105920403288,5,0.5294117647058824
1928,SWE,Sweden,0.15200000000000002,2.0431215384893795,9,0.28
1928,TCH,Czechia,0.3580246913580247,1.3030924037617193,5,0.5555555555555556
1928,URU,Uruguay,1.0,-0.0,1,1.0
1928,USA,United States,0.27614795918367346,1.5369037334528672,7,0.44642857142857145
1928,YUG,Serbia,1.0,-0.0,1,1.0
1932,ARG,Argentina,0.625,0.5623351446188083,2,0.75
1932,AUS,Australia,0.28,1.3321790402101223,4,0.4
1932,AUT,Austria,0.3600000000000001,1.0549201679861442,3,0.4
1932,BEL,Belgium,1.0,-0.0,1,1.0
1932,CAN,Canada,0.359375,1.3633631023481716,6,0.5625
1932,DEN,Denmark,0.1875,1.7328679513998633,6,0.25
1932,ESP,Spain,1.0,-0.0,1,1.0
1932,FIN,Finland,0.3376,1.1764930290125502,4,0.44
1932,FRA,France,0.13,2.154783153373369,10,0.2
1932,GBR,United Kingdom,0.273356401384083,1.6100124371857245,7,0.47058823529411764
1932,GER,Germany,0.1388888888888889,2.0623990607368046,9,0.20833333333333334
1932,HUN,Hungary,0.1796875,1.8734517375545652,8,0.25
1932,IND,India,1.0,-0.0,1,1.0
1932,IRL,Ireland,1.0,-0.0,1,1.0
1932,ITA,Italy,0.14197530864197533,2.0668570718215467,9,0.2222222222222222
1932,JPN,Japan,0.5,0.9257019111219666,4,0.6666666666666666
1932,LAT,Latvia,1.0,-0.0,1,1.0
1932,MEX,Mexico,0.5,0.6931471805599453,2,0.5
1932,NED,Netherlands,0.21875,1.559581156259877,5,0.25
1932,NZL,New Zealand,1.0,-0.0,1,1.0
1932,PHI,Philippines,0.3333333333333333,1.0986122886681096,3,0.3333333333333333
1932,POL,Poland,0.2839506172839506,1.310783678099714,4,0.3333333333333333
1932,RSA,South Africa,0.44000000000000006,0.9502705392332347,3,0.6
1932,SUI,Switzerland,1.0,-0.0,1,1.0
1932,SWE,Sweden,0.22222222222222224,1.8502677786635977,9,0.4166666666666667
1932,TCH,Czechia,0.2777777777777778,1.3296613488547582,4,0.3333333333333333
1932,URU,Uruguay,1.0,-0.0,1,1.0
1932,USA,United States,0.15619834710743802,2.219303841220878,15,0.3181818181818182
1936,ARG,Argentina,0.38775510204081637,1.15374194270109,4,0.5714285714285714
1936,AUS,Australia,1.0,-0.0,1,1.0
1936,AUT,Austria,0.24567474048442905,1.7057693153581717,8,0.4117647058823529
1936,BEL,Belgium,0.3333333333333333,1.0986122886681096,3,0.3333333333333333
1936,CAN,Canada,0.3333333333333333,1.2148896539491203,4,0.4444444444444444
1936,DEN,Denmark,0.28,1.3321790402101223,4,0.4
1936,EGY,Egypt,1.0,-0.0,1,1.0
1936,EST,Estonia,0.5510204081632654,0.796311640173813,3,0.7142857142857143
1936,FIN,Finland,0.355,1.237597168232557,5,0.5
1936,FRA,France,0.1966759002770083,1.908133893291109,9,0.3684210526315789
1936,GBR,United Kingdom,0.3061224489795919,1.468060203499046,6,0.5
1936,GER,Germany,0.08577590432310558,2.652552956764041,19,0.15841584158415842
1936,HUN,Hungary,0.1640625,1.9927981441098426,9,0.25
1936,IND,India,1.0,-0.0,1,1.0
1936,ITA,Italy,0.19615912208504802,1.8646520866485232,9,0.3333333333333333
1936,JPN,Japan,0.43500000000000005,0.926506603289533,3,0.55
1936,LAT,Latvia,0.5,0.6931471805599453,2,0.5
1936,MEX,Mexico,0.3333333333333333,1.0986122886681096,3,0.3333333333333333
1936,NED,Netherlands,0.18339100346020765,1.8090102842668667,7,0.29411764705882354
1936,NOR,Norway,0.2777777777777778,1.3296613488547582,4,0.3333333333333333
1936,NZL,New Zealand,1.0,-0.0,1,1.0
1936,PHI,Philippines,1.0,-0.0,1,1.0
1936,POL,Poland,0.25925925925925924,1.4648163848908131,5,0.3333333333333333
1936,POR,Portugal,1.0,-0.0,1,1.0
1936,ROU,Romania,1.0,-0.0,1,1.0
1936,RSA,South Africa,1.0,-0.0,1,1.0
1936,SUI,Switzerland,0.29012345679012347,1.637726762436956,8,0.5
1936,SWE,Sweden,0.22902494331065756,1.838798692937445,9,0.42857142857142855
1936,TCH,Czechia,0.2345679012345679,1.5229550675313182,5,0.3333333333333333
1936,TUR,Turkey,1.0,-0.0,1,1.0
1936,USA,United States,0.2520775623268698,1.789524161662559,12,0.43859649122807015
1936,YUG,Serbia,1.0,-0.0,1,1.0
1948,ARG,Argentina,0.30612244897959184,1.277034259466139,4,0.42857142857142855
1948,AUS,Australia,0.3372781065088758,1.2047933096947843,4,0.46153846153846156
1948,AUT,Austria,0.34375,1.2130075659799042,4,0.5
1948,BEL,Belgium,0.30612244897959184,1.277034259466139,4,0.42857142857142855
1948,BRA,Brazil,1.0,-0.0,1,1.0
1948,CAN,Canada,0.375,1.0397207708399179,3,0.5
1948,CUB,Cuba,1.0,-0.0,1,1.0
1948,DEN,Denmark,0.11570247933884298,2.3110978862127145,12,0.18181818181818182
1948,EGY,Egypt,0.52,0.6730116670092565,2,0.6
1948,ESP,Spain,1.0,-0.0,1,1.0
1948,FIN,Finland,0.22314049586776857,1.6333960726341687,6,0.36363636363636365
1948,FRA,France,0.1484375,2.0282238572943485,9,0.25
1948,GBR,United Kingdom,0.1522633744855967,2.0631641386605746,10,0.25925925925925924
1948,HUN,Hungary,0.13580246913580243,2.115582597840464,10,0.18518518518518517
1948,IND,India,1.0,-0.0,1,1.0
1948,IRI,Iran,1.0,-0.0,1,1.0
1948,IRL,Ireland,1.0,-0.0,1,1.0
1948,ITA,Italy,0.14255983350676377,1.9976335089794328,8,0.1935483870967742
1948,JAM,Jamaica,1.0,-0.0,1,1.0
1948,KOR,South Korea,0.5,0.6931471805599453,2,0.5
1948,MEX,Mexico,0.6800000000000002,0.5004024235381879,2,0.8
1948,NED,Netherlands,0.2109375,1.8080457195839967,8,0.375
1948,NOR,Norway,0.18367346938775508,1.7478680974667573,6,0.2857142857142857
1948,PAN,Panama,1.0,-0.0,1,1.0
1948,PER,Peru,1.0,-0.0,1,1.0
1948,POL,Poland,0.5,0.6931471805599453,2,0.5
1948,POR,Portugal,0.5,0.6931471805599453,2,0.5
1948,PUR,Puerto Rico,1.0,-0.0,1,1.0
1948,RSA,South Africa,0.5555555555555556,0.6365141682948128,2,0.6666666666666666
1948,SRI,Sri Lanka,1.0,-0.0,1,1.0
1948,SUI,Switzerland,0.19834710743801653,1.846220219321633,8,0.36363636363636365
1948,SWE,Sweden,0.18336483931947067,2.024632319231533,12,0.2826086956521739
1948,TCH,Czechia,0.30578512396694213,1.2636544318820964,4,0.36363636363636365
1948,TTO,Trinidad,1.0,-0.0,1,1.0
1948,TUR,Turkey,0.8472222222222221,0.2868359830561607,2,0.9166666666666666
1948,URU,Uruguay,1.0,-0.0,1,1.0
1948,USA,United States,0.16808390022675737,2.149460947532347,15,0.32142857142857145
1948,YUG,Serbia,0.5,0.6931471805599453,2,0.5
1952,ARG,Argentina,0.28,1.3321790402101223,4,0.4
1952,AUS,Australia,0.256198347107438,1.4681399390162087,5,0.36363636363636365
1952,AUT,Austria,1.0,-0.0,1,1.0
1952,BEL,Belgium,0.625,0.5623351446188083,2,0.75
1952,BRA,Brazil,0.5555555555555556,0.6365141682948128,2,0.6666666666666666
1952,BUL,Bulgaria,1.0,-0.0,1,1.0
1952,CAN,Canada,0.3333333333333333,1.0986122886681096,3,0.3333333333333333
1952,CHI,Chile,1.0,-0.0,1,1.0
1952,DEN,Denmark,0.16666666666666669,1.7917594692280547,6,0.16666666666666666
1952,EGY,Egypt,1.0,-0.0,1,1.0
1952,ESP,Spain,1.0,-0.0,1,1.0
1952,FIN,Finland,0.17768595041322313,1.9215325359429392,9,0.2727272727272727
1952,FRA,France,0.12962962962962962,2.1100165533754613,9,0.16666666666666666
1952,GBR,United Kingdom,0.256198347107438,1.666332585328325,7,0.45454545454545453
1952,GER,Germany,0.17708333333333331,2.001006523424514,10,0.3333333333333333
1952,HUN,Hungary,0.12471655328798184,2.2022568135962906,11,0.19047619047619047
1952,IND,India,0.5,0.6931471805599453,2,0.5
1952,IRI,Iran,0.5918367346938775,0.5982695885852573,2,0.7142857142857143
1952,IRL,Ireland,1.0,-0.0,1,1.0
1952,ITA,Italy,0.2380952380952381,1.6461960985456416,7,0.38095238095238093
1952,JAM,Jamaica,1.0,-0.0,1,1.0
1952,JPN,Japan,0.34375,1.0821955300387673,3,0.375
1952,KOR,South Korea,0.5,0.6931471805599453,2,0.5
1952,LIB,Lebanon,1.0,-0.0,1,1.0
1952,LUX,Luxembourg,1.0,-0.0,1,1.0
1952,MEX,Mexico,1.0,-0.0,1,1.0
1952,NED,Netherlands,0.44,0.9502705392332347,3,0.6
1952,NOR,Norway,0.52,0.6730116670092565,2,0.6
1952,NZL,New Zealand,0.5555555555555556,0.6365141682948128,2,0.6666666666666666
1952,POL,Poland,0.375,1.0397207708399179,3,0.5
1952,POR,Portugal,1.0,-0.0,1,1.0
1952,ROU,Romania,0.5,0.6931471805599453,2,0.5
1952,RSA,South Africa,0.30000000000000004,1.2798542258336674,4,0.4
1952,SUI,Switzerland,0.30612244897959184,1.4680602034990462,6,0.5
1952,SWE,Sweden,0.11510204081632652,2.322245911063975,12,0.22857142857142856
1952,TCH,Czechia,0.242603550295858,1.5857708352080968,6,0.38461538461538464
1952,TTO,Trinidad,1.0,-0.0,1,1.0
1952,TUR,Turkey,1.0,-0.0,1,1.0
1952,URS,Soviet Union,0.19224489795918367,1.8436610829018243,9,0.3
1952,URU,Uruguay,0.5,0.6931471805599453,2,0.5
1952,USA,United States,0.21260387811634346,1.9661171296631952,12,0.40789473684210525
1952,VEN,Venezuela,1.0,-0.0,1,1.0
1952,YUG,Serbia,0.3333333333333333,1.0986122886681096,3,0.3333333333333333
1956,ARG,Argentina,0.5,0.6931471805599453,2,0.5
1956,AUS,Australia,0.293061224489796,1.4743735471947357,7,0.4
1956,AUT,Austria,0.5,0.6931471805599453,2,0.5
1956,BAH,Bahamas,1.0,-0.0,1,1.0
1956,BEL,Belgium,0.5,0.6931471805599453,2,0.5
1956,BRA,Brazil,1.0,-0.0,1,1.0
1956,BUL,Bulgaria,0.6800000000000002,0.5004024235381879,2,0.8
1956,CAN,Canada,0.2777777777777778,1.3296613488547582,4,0.3333333333333333
1956,CHI,Chile,0.625,0.5623351446188083,2,0.75
1956,DEN,Denmark,0.375,1.0397207708399179,3,0.5
1956,FIN,Finland,0.18222222222222223,1.8065071652616695,7,0.26666666666666666
1956,FRA,France,0.20408163265306123,1.7478680974667575,7,0.2857142857142857
1956,GBR,United Kingdom,0.1840277777777778,1.805455265152505,7,0.2916666666666667
1956,GER,Germany,0.1686390532544379,2.0008006139647567,10,0.2692307692307692
1956,GRE,Greece,1.0,-0.0,1,1.0
1956,HUN,Hungary,0.18934911242603547,1.8370656682286506,8,0.2692307692307692
1956,IND,India,1.0,-0.0,1,1.0
1956,IRI,Iran,0.6800000000000002,0.5004024235381879,2,0.8
1956,IRL,Ireland,0.6800000000000002,0.5004024235381879,2,0.8
1956,ISL,Iceland,1.0,-0.0,1,1.0
1956,ITA,Italy,0.1616,1.9984928282265373,9,0.28
1956,JPN,Japan,0.39792387543252594,1.0027399543973452,3,0.5294117647058824
1956,KOR,South Korea,0.5,0.6931471805599453,2,0.5
1956,MEX,Mexico,1.0,-0.0,1,1.0
1956,NOR,Norway,1.0,-0.0,1,1.0
1956,NZL,New Zealand,0.5,0.6931471805599453,2,0.5
1956,PAK,Pakistan,1.0,-0.0,1,1.0
1956,POL,Poland,0.18518518518518517,1.7351264569629228,6,0.2222222222222222
1956,ROU,Romania,0.2071005917159764,1.6715952780212542,6,0.3076923076923077
1956,RSA,South Africa,0.375,1.0397207708399179,3,0.5
1956,SUI,Switzerland,1.0,-0.0,1,1.0
1956,SWE,Sweden,0.13573407202216065,2.08676875496392,9,0.21052631578947367
1956,TCH,Czechia,0.2777777777777778,1.329661348854758,4,0.3333333333333333
1956,TUR,Turkey,1.0,-0.0,1,1.0
1956,URS,Soviet Union,0.14660558100791338,2.172618091022061,14,0.23469387755102042
1956,URU,Uruguay,1.0,-0.0,1,1.0
1956,USA,United States,0.23155588020452886,1.8304728501927208,11,0.4189189189189189
1956,YUG,Serbia,0.3333333333333333,1.0986122886681096,3,0.3333333333333333
1960,ARG,Argentina,0.5,0.6931471805599453,2,0.5
1960,AUS,Australia,0.40909090909090917,1.1105128934217814,4,0.5909090909090909
1960,AUT,Austria,0.5,0.6931471805599453,2,0.5
1960,BEL,Belgium,0.375,1.0397207708399179,3,0.5
1960,BRA,Brazil,0.5,0.6931471805599453,2,0.5
1960,BUL,Bulgaria,0.7551020408163265,0.410116318288409,2,0.8571428571428571
1960,CAN,Canada,1.0,-0.0,1,1.0
1960,DEN,Denmark,0.3888888888888889,1.0114042647073518,3,0.5
1960,ESP,Spain,1.0,-0.0,1,1.0
1960,ETH,Ethiopia,1.0,-0.0,1,1.0
1960,FIN,Finland,0.20000000000000004,1.6094379124341005,5,0.2
1960,FRA,France,0.28,1.3321790402101223,4,0.4
1960,GBR,United Kingdom,0.23000000000000004,1.6957425341696344,7,0.4
1960,GER,Germany,0.14739229024943312,2.205144243630937,12,0.30952380952380953
1960,GHA,Ghana,1.0,-0.0,1,1.0
1960,GRE,Greece,1.0,-0.0,1,1.0
1960,HUN,Hungary,0.17006802721088435,1.954645866682635,9,0.2857142857142857
1960,IND,India,1.0,-0.0,1,1.0
1960,IRI,Iran,0.625,0.5623351446188083,2,0.75
1960,IRQ,Iraq,1.0,-0.0,1,1.0
1960,ITA,Italy,0.13117283950617287,2.214988275642899,12,0.19444444444444445
1960,JPN,Japan,0.33950617283950624,1.3446933824408047,6,0.5
1960,MAR,Morocco,1.0,-0.0,1,1.0
1960,MEX,Mexico,1.0,-0.0,1,1.0
1960,NED,Netherlands,1.0,-0.0,1,1.0
1960,NOR,Norway,1.0,-0.0,1,1.0
1960,NZL,New Zealand,1.0,-0.0,1,1.0
1960,PAK,Pakistan,0.5,0.6931471805599453,2,0.5
1960,POL,Poland,0.2471655328798186,1.6152209706275102,7,0.3333333333333333
1960,POR,Portugal,1.0,-0.0,1,1.0
1960,ROU,Romania,0.18000000000000002,1.8343719702816235,7,0.3
1960,RSA,South Africa,0.5555555555555556,0.6365141682948128,2,0.6666666666666666
1960,SGP,Singapore,1.0,-0.0,1,1.0
1960,SUI,Switzerland,0.33333333333333337,1.242453324894,4,0.5
1960,SWE,Sweden,0.2777777777777778,1.3296613488547582,4,0.3333333333333333
1960,TCH,Czechia,0.21875,1.559581156259877,5,0.25
1960,TPE,Taiwan,1.0,-0.0,1,1.0
1960,TUR,Turkey,1.0,-0.0,1,1.0
1960,UAR,Syria,0.5,0.6931471805599453,2,0.5
1960,URS,Soviet Union,0.13677066641530777,2.2974700415796887,16,0.2524271844660194
1960,USA,United States,0.201745685379885,1.9919958151991772,13,0.36619718309859156
1960,VEN,Venezuela,1.0,-0.0,1,1.0
1960,WIF,Trinidad,1.0,-0.0,1,1.0
1960,YUG,Serbia,0.5,0.6931471805599453,2,0.5
1964,ARG,Argentina,1.0,-0.0,1,1.0
1964,AUS,Australia,0.37037037037037035,1.1945063128187035,5,0.5
1964,BAH,Bahamas,1.0,-0.0,1,1.0
1964,BEL,Belgium,0.5555555555555556,0.6365141682948128,2,0.6666666666666666
1964,BRA,Brazil,1.0,-0.0,1,1.0
1964,BUL,Bulgaria,0.6600000000000001,0.639031859650177,3,0.8
1964,CAN,Canada,0.375,1.0397207708399179,3,0.5
1964,CUB,Cuba,1.0,-0.0,1,1.0
1964,DEN,Denmark,0.2777777777777778,1.3296613488547582,4,0.3333333333333333
1964,ETH,Ethiopia,1.0,-0.0,1,1.0
1964,FIN,Finland,0.28,1.3321790402101223,4,0.4
1964,FRA,France,0.18222222222222223,1.8943120247335319,8,0.3333333333333333
1964,GBR,United Kingdom,0.462962962962963,1.2337673247041645,7,0.6666666666666666
1964,GER,Germany,0.10160000000000002,2.4565010068913566,14,0.2
1964,GHA,Ghana,1.0,-0.0,1,1.0
1964,HUN,Hungary,0.12396694214876033,2.1850711261109064,10,0.18181818181818182
1964,IND,India,1.0,-0.0,1,1.0
1964,IRI,Iran,1.0,-0.0,1,1.0
1964,IRL,Ireland,1.0,-0.0,1,1.0
1964,ITA,Italy,0.16872427983539096,1.9641136491620304,9,0.2962962962962963
1964,JPN,Japan,0.20095124851367419,1.8499262983687992,9,0.3448275862068966
1964,KEN,Kenya,1.0,-0.0,1,1.0
1964,KOR,South Korea,0.3333333333333333,1.0986122886681096,3,0.3333333333333333
1964,MEX,Mexico,1.0,-0.0,1,1.0
1964,NED,Netherlands,0.24000000000000002,1.5047882836811908,5,0.3
1964,NGR,Nigeria,1.0,-0.0,1,1.0
1964,NZL,New Zealand,0.6800000000000002,0.5004024235381879,2,0.8
1964,PAK,Pakistan,1.0,-0.0,1,1.0
1964,PHI,Philippines,1.0,-0.0,1,1.0
1964,POL,Poland,0.2627599243856332,1.4355847512635074,5,0.34782608695652173
1964,ROU,Romania,0.3055555555555556,1.2650013752730702,4,0.4166666666666667
1964,SUI,Switzerland,0.375,1.0397207708399179,3,0.5
1964,SWE,Sweden,0.21875,1.559581156259877,5,0.25
1964,TCH,Czechia,0.15306122448979592,2.044931174849591,9,0.2857142857142857
1964,TTO,Trinidad,1.0,-0.0,1,1.0
1964,TUN,Tunisia,0.5,0.6931471805599453,2,0.5
1964,TUR,Turkey,1.0,-0.0,1,1.0
1964,URS,Soviet Union,0.11319227656376459,2.4622355487495273,18,0.1935483870967742
1964,URU,Uruguay,1.0,-0.0,1,1.0
1964,USA,United States,0.19753086419753085,1.9876773642396677,14,0.32222222222222224
1964,YUG,Serbia,0.3600000000000001,1.0549201679861442,3,0.4
1968,ARG,Argentina,0.5,0.6931471805599453,2,0.5
1968,AUS,Australia,0.356401384083045,1.2222669235381562,5,0.47058823529411764
1968,AUT,Austria,0.375,1.0397207708399179,3,0.5
1968,BEL,Belgium,0.5,0.6931471805599453,2,0.5
1968,BRA,Brazil,0.3333333333333333,1.0986122886681096,3,0.3333333333333333
1968,BUL,Bulgaria,0.5061728395061729,0.8486855577264172,3,0.6666666666666666
1968,CAN,Canada,0.6800000000000002,0.5004024235381879,2,0.8
1968,CMR,Cameroon,1.0,-0.0,1,1.0
1968,CUB,Cuba,0.5,0.6931471805599453,2,0.5
1968,DEN,Denmark,0.34375,1.2130075659799042,4,0.5
1968,ETH,Ethiopia,1.0,-0.0,1,1.0
1968,FIN,Finland,0.25,1.3862943611198906,4,0.25
1968,FRA,France,0.19111111111111112,1.8018924006588726,7,0.3333333333333333
1968,FRG,Germany,0.08136094674556214,2.737975555805786,10,0.32
1968,GBR,United Kingdom,0.2307692307692308,1.6052071074554588,6,0.3076923076923077
1968,GDR,Germany,0.0856,2.5874343388897323,8,0.24
1968,GRE,Greece,1.0,-0.0,1,1.0
1968,HUN,Hungary,0.158203125,2.018515119397787,10,0.21875
1968,IND,India,1.0,-0.0,1,1.0
1968,IRI,Iran,0.52,0.6730116670092565,2,0.6
1968,ITA,Italy,0.1484375,1.9927981441098426,8,0.25
1968,JAM,Jamaica,1.0,-0.0,1,1.0
1968,JPN,Japan,0.29600000000000004,1.5169478013981716,7,0.48
1968,KEN,Kenya,0.8024691358024691,0.34883209584303193,2,0.8888888888888888
1968,KOR,South Korea,1.0,-0.0,1,1.0
1968,MEX,Mexico,0.2839506172839506,1.4270610433807247,5,0.4444444444444444
1968,MGL,Mongolia,1.0,-0.0,1,1.0
1968,NED,Netherlands,0.30612244897959184,1.277034259466139,4,0.42857142857142855
1968,NOR,Norway,0.5,0.6931471805599453,2,0.5
1968,NZL,New Zealand,0.3333333333333333,1.0986122886681096,3,0.3333333333333333
1968,PAK,Pakistan,1.0,-0.0,1,1.0
1968,POL,Poland,0.20370370370370372,1.7361211828147631,7,0.2777777777777778
1968,ROU,Romania,0.19111111111111112,1.7140875411870102,6,0.26666666666666666
1968,SUI,Switzerland,0.20000000000000004,1.6094379124341005,5,0.2
1968,SWE,Sweden,0.375,1.0397207708399179,3,0.5
1968,TCH,Czechia,0.2781065088757397,1.5247073930301438,6,0.46153846153846156
1968,TPE,Taiwan,1.0,-0.0,1,1.0
1968,TUN,Tunisia,1.0,-0.0,1,1.0
1968,TUR,Turkey,1.0,-0.0,1,1.0
1968,UGA,Uganda,1.0,-0.0,1,1.0
1968,URS,Soviet Union,0.1017992996014974,2.5039002793096223,17,0.1978021978021978
1968,USA,United States,0.31487466154249283,1.5523719716089732,11,0.48598130841121495
1968,VEN,Venezuela,1.0,-0.0,1,1.0
1968,YUG,Serbia,0.1875,1.7328679513998633,6,0.25
1972,ARG,Argentina,1.0,-0.0,1,1.0
1972,AUS,Australia,0.4048442906574395,1.1217853135747708,4,0.5882352941176471
1972,AUT,Austria,0.3333333333333333,1.0986122886681096,3,0.3333333333333333
1972,BEL,Belgium,1.0,-0.0,1,1.0
1972,BRA,Brazil,0.5,0.6931471805599453,2,0.5
1972,BUL,Bulgaria,0.27437641723356004,1.410352868465972,5,0.38095238095238093
1972,CAN,Canada,0.6800000000000002,0.5004024235381879,2,0.8
1972,COL,Colombia,0.5555555555555556,0.6365141682948128,2,0.6666666666666666
1972,CUB,Cuba,0.46875,0.9002560512685369,3,0.625
1972,DEN,Denmark,1.0,-0.0,1,1.0
1972,ESP,Spain,1.0,-0.0,1,1.0
1972,ETH,Ethiopia,1.0,-0.0,1,1.0
1972,FIN,Finland,0.3125,1.3862943611198906,5,0.5
1972,FRA,France,0.1715976331360947,1.8446214763655029,7,0.23076923076923078
1972,FRG,Germany,0.06687500000000002,2.9736723662658324,13,0.275
1972,GBR,United Kingdom,0.15432098765432098,1.9559838465843624,8,0.2222222222222222
1972,GDR,Germany,0.07736455463728192,2.893539260900745,15,0.5
1972,GHA,Ghana,1.0,-0.0,1,1.0
1972,GRE,Greece,0.5,0.6931471805599453,2,0.5
1972,HUN,Hungary,0.1330612244897959,2.1695652736647557,11,0.22857142857142856
1972,IND,India,1.0,-0.0,1,1.0
1972,IRI,Iran,0.5555555555555556,0.6365141682948128,2,0.6666666666666666
1972,ITA,Italy,0.13580246913580246,2.033000199979912,8,0.16666666666666666
1972,JAM,Jamaica,1.0,-0.0,1,1.0
1972,JPN,Japan,0.3579072532699167,1.2937128757823415,5,0.5517241379310345
1972,KEN,Kenya,0.5555555555555556,0.6365141682948128,2,0.6666666666666666
1972,KOR,South Korea,1.0,-0.0,1,1.0
1972,LIB,Lebanon,1.0,-0.0,1,1.0
1972,MEX,Mexico,1.0,-0.0,1,1.0
1972,MGL,Mongolia,1.0,-0.0,1,1.0
1972,NED,Netherlands,0.28,1.3321790402101223,4,0.4
1972,NGR,Nigeria,1.0,-0.0,1,1.0
1972,NIG,Niger,1.0,-0.0,1,1.0
1972,NOR,Norway,0.25,1.3862943611198906,4,0.25
1972,NZL,New Zealand,0.5555555555555556,0.6365141682948128,2,0.6666666666666666
1972,PAK,Pakistan,1.0,-0.0,1,1.0
1972,POL,Poland,0.11564625850340135,2.2685350920163803,11,0.19047619047619047
1972,PRK,North Korea,0.20000000000000004,1.6094379124341005,5,0.2
1972,ROU,Romania,0.171875,1.9061547465398494,8,0.25
1972,SUI,Switzerland,0.3333333333333333,1.0986122886681096,3,0.3333333333333333
1972,SWE,Sweden,0.1015625,2.339371734389815,11,0.125
1972,TCH,Czechia,0.1875,1.7328679513998633,6,0.25
1972,TUN,Tunisia,1.0,-0.0,1,1.0
1972,TUR,Turkey,1.0,-0.0,1,1.0
1972,UGA,Uganda,0.5,0.6931471805599453,2,0.5
1972,URS,Soviet Union,0.09703091521273338,2.62994150236621,21,0.1717171717171717
1972,USA,United States,0.2756903576278859,1.747026105544829,13,0.4574468085106383
1972,YUG,Serbia,0.3600000000000001,1.0549201679861442,3,0.4
1976,AUS,Australia,0.28,1.3321790402101223,4,0.4
1976,AUT,Austria,1.0,-0.0,1,1.0
1976,BEL,Belgium,0.3888888888888889,1.0114042647073518,3,0.5
1976,BER,Bermuda,1.0,-0.0,1,1.0
1976,BRA,Brazil,0.5,0.6931471805599453,2,0.5
1976,BUL,Bulgaria,0.23140495867768593,1.5813632638474335,6,0.3181818181818182
1976,CAN,Canada,0.5537190082644629,0.8855741515766717,4,0.7272727272727273
1976,CUB,Cuba,0.4437869822485207,1.0317671113505356,4,0.6153846153846154
1976,DEN,Denmark,0.5555555555555556,0.6365141682948128,2,0.6666666666666666
1976,ESP,Spain,0.5,0.6931471805599453,2,0.5
1976,FIN,Finland,0.5,0.8675632284814612,3,0.6666666666666666
1976,FRA,France,0.18518518518518517,1.8310204811135162,7,0.3333333333333333
1976,FRG,Germany,0.0641025641025641,2.9403676999270116,12,0.23076923076923078
1976,GBR,United Kingdom,0.14792899408284027,1.9915093613566137,8,0.23076923076923078
1976,GDR,Germany,0.08641975308641976,2.778056613683461,14,0.6923076923076923
1976,HUN,Hungary,0.1859504132231405,1.996030985958194,10,0.36363636363636365
1976,IRI,Iran,0.5,0.6931471805599453,2,0.5
1976,ITA,Italy,0.17159763313609472,1.9251211907908181,8,0.3076923076923077
1976,JAM,Jamaica,1.0,-0.0,1,1.0
1976,JPN,Japan,0.2672,1.4904801581242335,6,0.4
1976,KOR,South Korea,0.3888888888888889,1.0114042647073518,3,0.5
1976,MEX,Mexico,0.5,0.6931471805599453,2,0.5
1976,MGL,Mongolia,1.0,-0.0,1,1.0
1976,NED,Netherlands,0.28,1.3321790402101223,4,0.4
1976,NOR,Norway,1.0,-0.0,1,1.0
1976,NZL,New Zealand,0.375,1.0397207708399179,3,0.5
1976,PAK,Pakistan,1.0,-0.0,1,1.0
1976,POL,Poland,0.12130177514792899,2.278918015768042,12,0.19230769230769232
1976,POR,Portugal,0.5,0.6931471805599453,2,0.5
1976,PRK,North Korea,1.0,-0.0,1,1.0
1976,PUR,Puerto Rico,1.0,-0.0,1,1.0
1976,ROU,Romania,0.19890260631001366,1.7781162676540667,8,0.2962962962962963
1976,SUI,Switzerland,0.375,1.0397207708399179,3,0.5
1976,SWE,Sweden,0.20000000000000004,1.6094379124341005,5,0.2
1976,TCH,Czechia,0.1875,1.7328679513998633,6,0.25
1976,THA,Thailand,1.0,-0.0,1,1.0
1976,TTO,Trinidad,1.0,-0.0,1,1.0
1976,URS,Soviet Union,0.08876800000000001,2.645883368332777,20,0.144
1976,USA,United States,0.20416478044363967,2.0058098248605276,14,0.3617021276595745
1976,VEN,Venezuela,1.0,-0.0,1,1.0
1976,YUG,Serbia,0.21875,1.559581156259877,5,0.25
1980,AUS,Australia,0.6296296296296297,0.6837389058487535,3,0.7777777777777778
1980,AUT,Austria,0.375,1.0397207708399179,3,0.5
1980,BEL,Belgium,1.0,-0.0,1,1.0
1980,BRA,Brazil,0.375,1.0397207708399179,3,0.5
1980,BUL,Bulgaria,0.13741820345032718,2.211827763368977,12,0.24390243902439024
1980,CUB,Cuba,0.32500000000000007,1.333074293476779,5,0.5
1980,DEN,Denmark,0.28,1.3321790402101223,4,0.4
1980,ESP,Spain,0.22222222222222227,1.5607104090414063,5,0.3333333333333333
1980,ETH,Ethiopia,1.0,-0.0,1,1.0
1980,FIN,Finland,0.21875,1.559581156259877,5,0.25
1980,FRA,France,0.29591836734693877,1.3760552852604169,5,0.42857142857142855
1980,GBR,United Kingdom,0.31519274376417233,1.3418952129979382,5,0.47619047619047616
1980,GDR,Germany,0.14285714285714285,2.257174980147531,16,0.23809523809523808
1980,GRE,Greece,0.5555555555555556,0.6365141682948128,2,0.6666666666666666
1980,GUY,Guyana,1.0,-0.0,1,1.0
1980,HUN,Hungary,0.119140625,2.2957031927484444,12,0.21875
1980,IND,India,1.0,-0.0,1,1.0
1980,IRL,Ireland,0.5,0.6931471805599453,2,0.5
1980,ITA,Italy,0.1288888888888889,2.2459520807289133,11,0.26666666666666666
1980,JAM,Jamaica,0.5555555555555556,0.6365141682948128,2,0.6666666666666666
1980,LIB,Lebanon,1.0,-0.0,1,1.0
1980,MEX,Mexico,0.625,0.5623351446188083,2,0.75
1980,MGL,Mongolia,0.5,0.6931471805599453,2,0.5
1980,NED,Netherlands,0.3333333333333333,1.0986122886681096,3,0.3333333333333333
1980,POL,Poland,0.1484375,2.070292337074935,10,0.21875
1980,PRK,North Korea,0.3600000000000001,1.0549201679861442,3,0.4
1980,ROU,Romania,0.17120000000000002,1.9430410537817415,9,0.28
1980,SUI,Switzerland,0.5,0.6931471805599453,2,0.5
1980,SWE,Sweden,0.25,1.5832584594204766,6,0.4166666666666667
1980,TAN,Tanzania,1.0,-0.0,1,1.0
1980,TCH,Czechia,0.11224489795918366,2.242973226438147,10,0.14285714285714285
1980,UGA,Uganda,1.0,-0.0,1,1.0
1980,URS,Soviet Union,0.09385930309007232,2.69632431859545,23,0.21025641025641026
1980,VEN,Venezuela,1.0,-0.0,1,1.0
1980,YUG,Serbia,0.16049382716049382,1.8891591637540217,7,0.2222222222222222
1980,ZIM,Zimbabwe,1.0,-0.0,1,1.0
1984,ALG,Algeria,1.0,-0.0,1,1.0
1984,AUS,Australia,0.29513888888888884,1.6031851682402558,8,0.5
1984,AUT,Austria,0.5555555555555556,0.6365141682948128,2,0.6666666666666666
1984,BEL,Belgium,0.375,1.0397207708399179,3,0.5
1984,BRA,Brazil,0.21875,1.6674619334292948,6,0.375
1984,CAN,Canada,0.11983471074380164,2.3449916580497168,14,0.22727272727272727
1984,CHN,China,0.203125,1.866554699752131,10,0.34375
1984,CIV,Cote d'Ivoire,1.0,-0.0,1,1.0
1984,CMR,Cameroon,1.0,-0.0,1,1.0
1984,COL,Colombia,1.0,-0.0,1,1.0
1984,DEN,Denmark,0.2777777777777778,1.3296613488547582,4,0.3333333333333333
1984,DOM,Dominican Republic,1.0,-0.0,1,1.0
1984,EGY,Egypt,1.0,-0.0,1,1.0
1984,ESP,Spain,0.20000000000000004,1.6094379124341005,5,0.2
1984,FIN,Finland,0.2222222222222222,1.6326309271543518,6,0.3333333333333333
1984,FRA,France,0.1326530612244898,2.232913384439831,12,0.25
1984,FRG,Germany,0.10428037920137892,2.513830134388325,17,0.1864406779661017
1984,GBR,United Kingdom,0.2344777209642075,1.8664460127930025,11,0.43243243243243246
1984,GRE,Greece,1.0,-0.0,1,1.0
1984,IRL,Ireland,1.0,-0.0,1,1.0
1984,ISL,Iceland,1.0,-0.0,1,1.0
1984,ITA,Italy,0.14453125,2.1569357346449283,12,0.21875
1984,JAM,Jamaica,1.0,-0.0,1,1.0
1984,JPN,Japan,0.19458896982310092,1.8488299683961338,9,0.2903225806451613
1984,KEN,Kenya,0.5555555555555556,0.6365141682948128,2,0.6666666666666666
1984,KOR,South Korea,0.24653739612188363,1.5575604616568661,6,0.3684210526315789
1984,MAR,Morocco,1.0,-0.0,1,1.0
1984,MEX,Mexico,0.33333333333333337,1.242453324894,4,0.5
1984,NED,Netherlands,0.26627218934911245,1.631345420808597,7,0.46153846153846156
1984,NGR,Nigeria,0.5,0.6931471805599453,2,0.5
1984,NOR,Norway,0.3333333333333333,1.0986122886681096,3,0.3333333333333333
1984,NZL,New Zealand,0.256198347107438,1.4681399390162087,5,0.36363636363636365
1984,PAK,Pakistan,1.0,-0.0,1,1.0
1984,PER,Peru,1.0,-0.0,1,1.0
1984,POR,Portugal,1.0,-0.0,1,1.0
1984,PUR,Puerto Rico,1.0,-0.0,1,1.0
1984,ROU,Romania,0.12647928994082844,2.2399627643065676,13,0.19230769230769232
1984,SUI,Switzerland,0.21875,1.6674619334292948,6,0.375
1984,SWE,Sweden,0.1911357340720221,1.8403407956415925,8,0.3157894736842105
1984,SYR,Syria,1.0,-0.0,1,1.0
1984,THA,Thailand,1.0,-0.0,1,1.0
1984,TPE,Taiwan,1.0,-0.0,1,1.0
1984,TUR,Turkey,0.5555555555555556,0.6365141682948128,2,0.6666666666666666
1984,USA,United States,0.11971666276855225,2.489675950872816,22,0.23121387283236994
1984,VEN,Venezuela,0.5555555555555556,0.6365141682948128,2,0.6666666666666666
1984,YUG,Serbia,0.17901234567901236,1.8751218560198155,8,0.2777777777777778
1984,ZAM,Zambia,1.0,-0.0,1,1.0
1988,AHO,Curacao,1.0,-0.0,1,1.0
1988,ARG,Argentina,0.5,0.6931471805599453,2,0.5
1988,AUS,Australia,0.18367346938775508,1.809514255849282,7,0.2857142857142857
1988,AUT,Austria,1.0,-0.0,1,1.0
1988,BEL,Belgium,0.5,0.6931471805599453,2,0.5
1988,BRA,Brazil,0.2777777777777778,1.3296613488547582,4,0.3333333333333333
1988,BUL,Bulgaria,0.12489795918367347,2.2261013872055098,11,0.22857142857142856
1988,CAN,Canada,0.20000000000000004,1.6957425341696346,6,0.3
1988,CHI,Chile,1.0,-0.0,1,1.0
1988,CHN,China,0.14795918367346939,2.026883207762755,9,0.21428571428571427
1988,COL,Colombia,1.0,-0.0,1,1.0
1988,CRC,Costa Rica,1.0,-0.0,1,1.0
1988,DEN,Denmark,0.375,1.0397207708399179,3,0.5
1988,DJI,Djibouti,1.0,-0.0,1,1.0
1988,ESP,Spain,0.25,1.3862943611198906,4,0.25
1988,FIN,Finland,0.5,0.6931471805599453,2,0.5
1988,FRA,France,0.1328125,2.1006789212792603,9,0.1875
1988,FRG,Germany,0.04812499999999999,3.1641553426545332,14,0.175
1988,GBR,United Kingdom,0.16666666666666666,2.0947290475276485,11,0.3333333333333333
1988,GDR,Germany,0.08785082660515187,2.7323348183449125,13,0.7
1988,GRE,Greece,1.0,-0.0,1,1.0
1988,HUN,Hungary,0.1493383742911153,2.042592104175594,9,0.2608695652173913
1988,INA,Indonesia,1.0,-0.0,1,1.0
1988,IRI,Iran,1.0,-0.0,1,1.0
1988,ISV,"Virgin Islands, US",1.0,-0.0,1,1.0
1988,ITA,Italy,0.18367346938775508,1.8095142558492818,7,0.2857142857142857
1988,JAM,Jamaica,1.0,-0.0,1,1.0
1988,JPN,Japan,0.2142857142857143,1.6488470716724795,6,0.2857142857142857
1988,KEN,Kenya,0.654320987654321,0.5297061990576545,2,0.7777777777777778
1988,KOR,South Korea,0.155188246097337,2.0515270012059488,10,0.2727272727272727
1988,MAR,Morocco,0.5555555555555556,0.6365141682948128,2,0.6666666666666666
1988,MEX,Mexico,0.5,0.6931471805599453,2,0.5
1988,MGL,Mongolia,1.0,-0.0,1,1.0
1988,NED,Netherlands,0.16049382716049382,1.8891591637540217,7,0.2222222222222222
1988,NOR,Norway,0.20000000000000004,1.6094379124341005,5,0.2
1988,NZL,New Zealand,0.20710059171597633,1.591095563595939,5,0.23076923076923078
1988,PAK,Pakistan,1.0,-0.0,1,1.0
1988,PER,Peru,1.0,-0.0,1,1.0
1988,PHI,Philippines,1.0,-0.0,1,1.0
1988,POL,Poland,0.1640625,1.9273921261392741,8,0.25
1988,POR,Portugal,1.0,-0.0,1,1.0
1988,ROU,Romania,0.24652777777777782,1.6710129569457395,8,0.375
1988,SEN,Senegal,1.0,-0.0,1,1.0
1988,SUI,Switzerland,0.375,1.0397207708399179,3,0.5
1988,SUR,Suriname,1.0,-0.0,1,1.0
1988,SWE,Sweden,0.12396694214876033,2.1458417525947544,9,0.18181818181818182
1988,TCH,Czechia,0.28125,1.3208883431493221,4,0.375
1988,THA,Thailand,1.0,-0.0,1,1.0
1988,TUR,Turkey,0.5,0.6931471805599453,2,0.5
1988,URS,Soviet Union,0.09760503467163918,2.6127229012419972,21,0.1984732824427481
1988,USA,United States,0.13784517881394298,2.396613877976215,19,0.2765957446808511
1988,YUG,Serbia,0.15277777777777776,1.9792045174343245,8,0.25
1992,ALG,Algeria,0.5,0.6931471805599453,2,0.5
1992,ARG,Argentina,1.0,-0.0,1,1.0
1992,AUS,Australia,0.18244170096021947,1.9379396412383896,9,0.3333333333333333
1992,AUT,Austria,0.5,0.6931471805599453,2,0.5
1992,BAH,Bahamas,1.0,-0.0,1,1.0
1992,BEL,Belgium,0.3333333333333333,1.0986122886681096,3,0.3333333333333333
1992,BRA,Brazil,0.3333333333333333,1.0986122886681096,3,0.3333333333333333
1992,BUL,Bulgaria,0.1796875,1.754105330999288,6,0.25
1992,CAN,Canada,0.154320987654321,2.0291545628109144,9,0.2777777777777778
1992,CHN,China,0.10145959416162335,2.44793631825163,15,0.16981132075471697
1992,COL,Colombia,1.0,-0.0,1,1.0
1992,CRO,Croatia,0.5555555555555556,0.6365141682948128,2,0.6666666666666666
1992,CUB,Cuba,0.19458896982310092,1.7927915359408217,8,0.2903225806451613
1992,DEN,Denmark,0.2222222222222222,1.5607104090414063,5,0.3333333333333333
1992,ESP,Spain,0.128099173553719,2.260383442732212,12,0.22727272727272727
1992,EST,Estonia,0.5,0.6931471805599453,2,0.5
1992,ETH,Ethiopia,1.0,-0.0,1,1.0
1992,EUN,Unified Team,0.10746173469387754,2.5189296637052903,20,0.1875
1992,FIN,Finland,0.20000000000000004,1.6094379124341005,5,0.2
1992,FRA,France,0.1343638525564804,2.2196350148733233,12,0.2413793103448276
1992,GBR,United Kingdom,0.16500000000000004,2.042316124449607,10,0.3
1992,GER,Germany,0.08953004164187985,2.5852488743610644,17,0.13414634146341464
1992,GHA,Ghana,1.0,-0.0,1,1.0
1992,GRE,Greece,0.5,0.6931471805599453,2,0.5
1992,HUN,Hungary,0.17777777777777778,1.8866967846580784,8,0.3
1992,INA,Indonesia,1.0,-0.0,1,1.0
1992,IOA,Individual Olympic Athletes,1.0,-0.0,1,1.0
1992,IRI,Iran,1.0,-0.0,1,1.0
1992,IRL,Ireland,1.0,-0.0,1,1.0
1992,ISR,Israel,1.0,-0.0,1,1.0
1992,ITA,Italy,0.10803324099722991,2.3056573382986394,11,0.15789473684210525
1992,JAM,Jamaica,1.0,-0.0,1,1.0
1992,JPN,Japan,0.256198347107438,1.705561958844477,8,0.45454545454545453
1992,KEN,Kenya,1.0,-0.0,1,1.0
1992,KOR,South Korea,0.11734693877551018,2.242973226438147,11,0.14285714285714285
1992,LAT,Latvia,0.3333333333333333,1.0986122886681096,3,0.3333333333333333
1992,LTU,Lithuania,0.5,0.6931471805599453,2,0.5
1992,MAR,Morocco,0.5555555555555556,0.6365141682948128,2,0.6666666666666666
1992,MAS,Malaysia,1.0,-0.0,1,1.0
1992,MEX,Mexico,1.0,-0.0,1,1.0
1992,MGL,Mongolia,0.5,0.6931471805599453,2,0.5
1992,NAM,Namibia,1.0,-0.0,1,1.0
1992,NED,Netherlands,0.16444444444444445,1.933809998920632,8,0.26666666666666666
1992,NGR,Nigeria,0.5,0.6931471805599453,2,0.5
1992,NOR,Norway,0.18367346938775508,1.7478680974667573,6,0.2857142857142857
1992,NZL,New Zealand,0.24000000000000005,1.6094379124341005,6,0.4
1992,PAK,Pakistan,1.0,-0.0,1,1.0
1992,PER,Peru,1.0,-0.0,1,1.0
1992,PHI,Philippines,1.0,-0.0,1,1.0
1992,POL,Poland,0.10249307479224376,2.3786201994102134,12,0.15789473684210525
1992,PRK,North Korea,0.2345679012345679,1.5229550675313184,5,0.3333333333333333
1992,PUR,Puerto Rico,1.0,-0.0,1,1.0
1992,QAT,Qatar,1.0,-0.0,1,1.0
1992,ROU,Romania,0.24691358024691362,1.6865628353651818,8,0.3888888888888889
1992,RSA,South Africa,0.5,0.6931471805599453,2,0.5
1992,SLO,Slovenia,1.0,-0.0,1,1.0
1992,SUI,Switzerland,1.0,-0.0,1,1.0
1992,SUR,Suriname,1.0,-0.0,1,1.0
1992,SWE,Sweden,0.18055555555555558,1.8200759753606213,7,0.25
1992,TCH,Czechia,0.26530612244897955,1.351783994289646,4,0.2857142857142857
1992,THA,Thailand,1.0,-0.0,1,1.0
1992,TPE,Taiwan,1.0,-0.0,1,1.0
1992,TUR,Turkey,0.5,0.8675632284814612,3,0.6666666666666666
1992,USA,United States,0.16117969821673528,2.2471166190357423,17,0.2777777777777778
1996,ALG,Algeria,0.5555555555555556,0.6365141682948128,2,0.6666666666666666
1996,ARG,Argentina,0.3333333333333333,1.0986122886681096,3,0.3333333333333333
1996,ARM,Armenia,1.0,-0.0,1,1.0
1996,AUS,Australia,0.14336704342653184,2.265591993768621,14,0.2926829268292683
1996,AUT,Austria,0.5555555555555556,0.6365141682948128,2,0.6666666666666666
1996,AZE,Azerbaijan,1.0,-0.0,1,1.0
1996,BAH,Bahamas,1.0,-0.0,1,1.0
1996,BDI,Burundi,1.0,-0.0,1,1.0
1996,BEL,Belgium,0.5,0.8675632284814612,3,0.6666666666666666
1996,BLR,Belarus,0.23555555555555557,1.5065950881316383,5,0.26666666666666666
1996,BRA,Brazil,0.1377777777777778,2.0837660374856473,9,0.2
1996,BUL,Bulgaria,0.17333333333333334,1.8989267893363289,8,0.26666666666666666
1996,CAN,Canada,0.16528925619834708,2.023775289509995,10,0.2727272727272727
1996,CHN,China,0.09759999999999999,2.4669659697666475,15,0.16
1996,CRC,Costa Rica,1.0,-0.0,1,1.0
1996,CRO,Croatia,0.5,0.6931471805599453,2,0.5
1996,CUB,Cuba,0.17440000000000003,1.94580991254342,9,0.28
1996,CZE,Czechia,0.3223140495867768,1.2406842919533958,4,0.45454545454545453
1996,DEN,Denmark,0.2222222222222222,1.5607104090414063,5,0.3333333333333333
1996,ECU,Ecuador,1.0,-0.0,1,1.0
1996,ESP,Spain,0.12110726643598617,2.2008276490345495,10,0.17647058823529413
1996,ETH,Ethiopia,1.0,-0.0,1,1.0
1996,FIN,Finland,0.375,1.0397207708399179,3,0.5
1996,FRA,France,0.15558802045288533,1.9914737188370666,9,0.24324324324324326
1996,GBR,United Kingdom,0.2355555555555556,1.6216679171123507,6,0.4
1996,GEO,Georgia,0.5,0.6931471805599453,2,0.5
1996,GER,Germany,0.09349112426035502,2.5927344417232314,18,0.18461538461538463
1996,GRE,Greece,0.4375,1.073542846408523,4,0.625
1996,HKG,Hong Kong,1.0,-0.0,1,1.0
1996,HUN,Hungary,0.19727891156462582,1.8637152712119474,9,0.2857142857142857
1996,INA,Indonesia,1.0,-0.0,1,1.0
1996,IND,India,1.0,-0.0,1,1.0
1996,IRI,Iran,1.0,-0.0,1,1.0
1996,IRL,Ireland,1.0,-0.0,1,1.0
1996,ISR,Israel,1.0,-0.0,1,1.0
1996,ITA,Italy,0.12326530612244896,2.2783648747608947,13,0.2
1996,JAM,Jamaica,1.0,-0.0,1,1.0
1996,JPN,Japan,0.35714285714285715,1.450805020083924,7,0.5714285714285714
1996,KAZ,Kazakhstan,0.25619834710743805,1.4681399390162084,5,0.36363636363636365
1996,KEN,Kenya,1.0,-0.0,1,1.0
1996,KOR,South Korea,0.16598079561042522,2.0122309760785044,10,0.2962962962962963
1996,LAT,Latvia,1.0,-0.0,1,1.0
1996,LTU,Lithuania,1.0,-0.0,1,1.0
1996,MAR,Morocco,1.0,-0.0,1,1.0
1996,MAS,Malaysia,1.0,-0.0,1,1.0
1996,MDA,Moldova,0.5,0.6931471805599453,2,0.5
1996,MEX,Mexico,1.0,-0.0,1,1.0
1996,MGL,Mongolia,1.0,-0.0,1,1.0
1996,MOZ,Mozambique,1.0,-0.0,1,1.0
1996,NAM,Namibia,1.0,-0.0,1,1.0
1996,NED,Netherlands,0.13573407202216065,2.0316900029887046,8,0.15789473684210525
1996,NGR,Nigeria,0.5,0.8675632284814612,3,0.6666666666666666
1996,NOR,Norway,0.22448979591836732,1.5498260458782016,5,0.2857142857142857
1996,NZL,New Zealand,0.3888888888888889,1.0114042647073518,3,0.5
1996,PHI,Philippines,1.0,-0.0,1,1.0
1996,POL,Poland,0.16262975778546712,2.0028830410906506,9,0.29411764705882354
1996,POR,Portugal,0.5,0.6931471805599453,2,0.5
1996,PRK,North Korea,0.3600000000000001,1.0549201679861442,3,0.4
1996,PUR,Puerto Rico,1.0,-0.0,1,1.0
1996,ROU,Romania,0.27423822714681434,1.6117969454556227,7,0.47368421052631576
1996,RSA,South Africa,0.52,0.6730116670092565,2,0.6
1996,RUS,Russia,0.10153691106072056,2.4401170772994036,15,0.15873015873015872
1996,SCG,Serbia,0.375,1.0397207708399179,3,0.5
1996,SLO,Slovenia,0.5,0.6931471805599453,2,0.5
1996,SUI,Switzerland,0.22448979591836732,1.5498260458782016,5,0.2857142857142857
1996,SVK,Slovakia,0.5555555555555556,0.6365141682948128,2,0.6666666666666666
1996,SWE,Sweden,0.15625,1.9061547465398496,7,0.25
1996,SYR,Syria,1.0,-0.0,1,1.0
1996,TGA,Tonga,1.0,-0.0,1,1.0
1996,THA,Thailand,1.0,-0.0,1,1.0
1996,TPE,Taiwan,1.0,-0.0,1,1.0
1996,TTO,Trinidad,1.0,-0.0,1,1.0
1996,TUN,Tunisia,1.0,-0.0,1,1.0
1996,TUR,Turkey,0.3888888888888889,1.0114042647073518,3,0.5
1996,UGA,Uganda,1.0,-0.0,1,1.0
1996,UKR,Ukraine,0.14177693761814744,2.062332394380924,9,0.21739130434782608
1996,USA,United States,0.1387118909910793,2.4352245469553377,21,0.25742574257425743
1996,UZB,Uzbekistan,0.5,0.6931471805599453,2,0.5
1996,ZAM,Zambia,1.0,-0.0,1,1.0
2000,ALG,Algeria,0.6800000000000002,0.5004024235381879,2,0.8
2000,ARG,Argentina,0.625,0.5623351446188083,2,0.75
2000,ARM,Armenia,1.0,-0.0,1,1.0
2000,AUS,Australia,0.13317479191438766,2.510567820860945,20,0.3103448275862069
2000,AUT,Austria,0.5555555555555556,0.6365141682948128,2,0.6666666666666666
2000,AZE,Azerbaijan,0.3333333333333333,1.0986122886681096,3,0.3333333333333333
2000,BAH,Bahamas,1.0,-0.0,1,1.0
2000,BAR,Barbados,1.0,-0.0,1,1.0
2000,BEL,Belgium,0.3600000000000001,1.0549201679861442,3,0.4
2000,BLR,Belarus,0.18339100346020762,1.8705688894156371,8,0.29411764705882354
2000,BRA,Brazil,0.1527777777777778,1.9792045174343245,8,0.25
2000,BUL,Bulgaria,0.1597633136094675,1.8848713335781604,7,0.23076923076923078
2000,CAN,Canada,0.10204081632653061,2.3419942522324244,11,0.14285714285714285
2000,CHI,Chile,1.0,-0.0,1,1.0
2000,CHN,China,0.12306777645659928,2.21377642739762,12,0.1724137931034483
2000,CMR,Cameroon,1.0,-0.0,1,1.0
2000,COL,Colombia,1.0,-0.0,1,1.0
2000,CRC,Costa Rica,1.0,-0.0,1,1.0
2000,CRO,Croatia,0.5,0.6931471805599453,2,0.5
2000,CUB,Cuba,0.15814506539833534,1.9752930204238035,9,0.20689655172413793
2000,CZE,Czechia,0.21875,1.559581156259877,5,0.25
2000,DEN,Denmark,0.16666666666666669,1.7917594692280547,6,0.16666666666666666
2000,ESP,Spain,0.10743801652892562,2.2718685126965625,10,0.18181818181818182
2000,EST,Estonia,0.5555555555555556,0.6365141682948128,2,0.6666666666666666
2000,ETH,Ethiopia,1.0,-0.0,1,1.0
2000,FIN,Finland,0.25,1.3862943611198906,4,0.25
2000,FRA,France,0.11911357340720216,2.351080823422605,14,0.21052631578947367
2000,GBR,United Kingdom,0.13010204081632654,2.1965743754829754,11,0.21428571428571427
2000,GEO,Georgia,0.3333333333333333,1.2424533248940002,4,0.5
2000,GER,Germany,0.09566326530612246,2.5714988496312836,18,0.17857142857142858
2000,GRE,Greece,0.2662721893491124,1.5193826646423012,6,0.38461538461538464
2000,HUN,Hungary,0.20415224913494806,2.0319562238569695,11,0.4117647058823529
2000,INA,Indonesia,0.5,0.6931471805599453,2,0.5
2000,IND,India,1.0,-0.0,1,1.0
2000,IRI,Iran,0.375,1.0397207708399179,3,0.5
2000,IRL,Ireland,1.0,-0.0,1,1.0
2000,ISL,Iceland,1.0,-0.0,1,1.0
2000,ISR,Israel,1.0,-0.0,1,1.0
2000,ITA,Italy,0.10899653979238755,2.331105875149506,12,0.17647058823529413
2000,JAM,Jamaica,1.0,-0.0,1,1.0
2000,JPN,Japan,0.271604938271605,1.5810937501718234,7,0.4444444444444444
2000,KAZ,Kazakhstan,0.38775510204081637,1.15374194270109,4,0.5714285714285714
2000,KEN,Kenya,1.0,-0.0,1,1.0
2000,KGZ,Kyrgyzstan,1.0,-0.0,1,1.0
2000,KOR,South Korea,0.12499999999999999,2.212789613865925,11,0.17857142857142858
2000,KSA,Saudi Arabia,0.5,0.6931471805599453,2,0.5
2000,KUW,Kuwait,1.0,-0.0,1,1.0
2000,LAT,Latvia,0.3333333333333333,1.0986122886681096,3,0.3333333333333333
2000,LTU,Lithuania,0.20000000000000004,1.6094379124341005,5,0.2
2000,MAR,Morocco,0.6800000000000002,0.5004024235381879,2,0.8
2000,MDA,Moldova,0.5,0.6931471805599453,2,0.5
2000,MEX,Mexico,0.22222222222222227,1.5607104090414063,5,0.3333333333333333
2000,MKD,North Macedonia,1.0,-0.0,1,1.0
2000,MOZ,Mozambique,1.0,-0.0,1,1.0
2000,NED,Netherlands,0.18080000000000002,1.9225550868873196,9,0.32
2000,NGR,Nigeria,0.5555555555555556,0.6365141682948128,2,0.6666666666666666
2000,NOR,Norway,0.14,2.0253262207700677,8,0.2
2000,NZL,New Zealand,0.375,1.0397207708399179,3,0.5
2000,POL,Poland,0.20408163265306123,1.7478680974667575,7,0.2857142857142857
2000,POR,Portugal,0.5,0.6931471805599453,2,0.5
2000,PRK,North Korea,0.25,1.3862943611198906,4,0.25
2000,QAT,Qatar,1.0,-0.0,1,1.0
2000,ROU,Romania,0.15088757396449706,2.01498531051583,9,0.23076923076923078
2000,RSA,South Africa,0.52,0.6730116670092565,2,0.6
2000,RUS,Russia,0.08496401969448299,2.7419524940672337,22,0.16853932584269662
2000,SCG,Serbia,0.3333333333333333,1.0986122886681096,3,0.3333333333333333
2000,SLO,Slovenia,0.5,0.6931471805599453,2,0.5
2000,SRI,Sri Lanka,1.0,-0.0,1,1.0
2000,SUI,Switzerland,0.18518518518518517,1.7351264569629226,6,0.2222222222222222
2000,SVK,Slovakia,0.52,0.6730116670092565,2,0.6
2000,SWE,Sweden,0.18055555555555558,1.9072839993213793,8,0.3333333333333333
2000,THA,Thailand,0.5555555555555556,0.6365141682948128,2,0.6666666666666666
2000,TPE,Taiwan,0.3600000000000001,1.0549201679861442,3,0.4
2000,TTO,Trinidad,1.0,-0.0,1,1.0
2000,TUR,Turkey,0.28,1.3321790402101223,4,0.4
2000,UKR,Ukraine,0.11909262759924387,2.3034270658800353,12,0.21739130434782608
2000,URU,Uruguay,1.0,-0.0,1,1.0
2000,USA,United States,0.16411061466006524,2.3761861687616936,22,0.34065934065934067
2000,UZB,Uzbekistan,0.625,0.5623351446188083,2,0.75
2000,VIE,Vietnam,1.0,-0.0,1,1.0
2004,ARG,Argentina,0.16666666666666669,1.7917594692280547,6,0.16666666666666666
2004,AUS,Australia,0.1688,2.1247877881200012,14,0.3
2004,AUT,Austria,0.22448979591836732,1.5498260458782016,5,0.2857142857142857
2004,AZE,Azerbaijan,0.3600000000000001,1.0549201679861442,3,0.4
2004,BAH,Bahamas,1.0,-0.0,1,1.0
2004,BEL,Belgium,0.3333333333333333,1.0986122886681096,3,0.3333333333333333
2004,BLR,Belarus,0.13609467455621302,2.098147389135067,9,0.23076923076923078
2004,BRA,Brazil,0.16000000000000003,1.8866967846580784,7,0.2
2004,BUL,Bulgaria,0.1388888888888889,2.0228085294147036,8,0.16666666666666666
2004,CAN,Canada,0.1527777777777778,1.9792045174343245,8,0.25
2004,CHI,Chile,1.0,-0.0,1,1.0
2004,CHN,China,0.08843537414965986,2.6545463536840996,20,0.14285714285714285
2004,CMR,Cameroon,1.0,-0.0,1,1.0
2004,COL,Colombia,0.5,0.6931471805599453,2,0.5
2004,CRO,Croatia,0.20000000000000004,1.6094379124341005,5,0.2
2004,CUB,Cuba,0.19067215363511658,1.8614251779679645,9,0.2962962962962963
2004,CZE,Czechia,0.20987654320987653,1.6769877743224173,6,0.3333333333333333
2004,DEN,Denmark,0.1875,1.7328679513998633,6,0.25
2004,DOM,Dominican Republic,1.0,-0.0,1,1.0
2004,EGY,Egypt,0.44000000000000006,0.9502705392332347,3,0.6
2004,ERI,Eritrea,1.0,-0.0,1,1.0
2004,ESP,Spain,0.14500000000000002,2.0558449546770494,9,0.25
2004,EST,Estonia,0.3333333333333333,1.0986122886681096,3,0.3333333333333333
2004,ETH,Ethiopia,1.0,-0.0,1,1.0
2004,FIN,Finland,0.5,0.6931471805599453,2,0.5
2004,FRA,France,0.1056014692378329,2.435166374546942,14,0.18181818181818182
2004,GBR,United Kingdom,0.1111111111111111,2.3125077153708973,12,0.16666666666666666
2004,GEO,Georgia,0.375,1.0397207708399179,3,0.5
2004,GER,Germany,0.09287796751353602,2.556399714873743,16,0.1836734693877551
2004,GRE,Greece,0.15625,2.0963525794641384,10,0.3125
2004,HKG,Hong Kong,1.0,-0.0,1,1.0
2004,HUN,Hungary,0.19031141868512114,1.9254081650860662,9,0.35294117647058826
2004,INA,Indonesia,0.625,0.5623351446188083,2,0.75
2004,IND,India,1.0,-0.0,1,1.0
2004,IRI,Iran,0.3888888888888889,1.0114042647073518,3,0.5
2004,ISR,Israel,0.5,0.6931471805599453,2,0.5
2004,ITA,Italy,0.095703125,2.601118255150981,17,0.21875
2004,JAM,Jamaica,1.0,-0.0,1,1.0
2004,JPN,Japan,0.16727538349159973,2.0236285546586346,11,0.2702702702702703
2004,KAZ,Kazakhstan,0.3125,1.2554823251787535,4,0.375
2004,KEN,Kenya,1.0,-0.0,1,1.0
2004,KOR,South Korea,0.10222222222222224,2.332256702464447,11,0.13333333333333333
2004,LAT,Latvia,0.25,1.3862943611198906,4,0.25
2004,LTU,Lithuania,0.5555555555555556,0.6365141682948128,2,0.6666666666666666
2004,MAR,Morocco,1.0,-0.0,1,1.0
2004,MEX,Mexico,0.375,1.0397207708399179,3,0.5
2004,MGL,Mongolia,1.0,-0.0,1,1.0
2004,NED,Netherlands,0.19834710743801653,1.754958037018746,7,0.3181818181818182
2004,NGR,Nigeria,1.0,-0.0,1,1.0
2004,NOR,Norway,0.22222222222222227,1.5607104090414063,5,0.3333333333333333
2004,NZL,New Zealand,0.28,1.3321790402101223,4,0.4
2004,PAR,Paraguay,1.0,-0.0,1,1.0
2004,POL,Poland,0.18000000000000002,1.8343719702816235,7,0.3
2004,POR,Portugal,0.5555555555555556,0.6365141682948128,2,0.6666666666666666
2004,PRK,North Korea,0.20000000000000004,1.6094379124341005,5,0.2
2004,ROU,Romania,0.34072022160664817,1.3126590305838612,5,0.5263157894736842
2004,RSA,South Africa,0.3888888888888889,1.0114042647073518,3,0.5
2004,RUS,Russia,0.09506172839506173,2.6530007408152465,21,0.2111111111111111
2004,SCG,Serbia,0.5,0.6931471805599453,2,0.5
2004,SLO,Slovenia,0.25,1.3862943611198906,4,0.25
2004,SUI,Switzerland,0.28,1.3321790402101223,4,0.4
2004,SVK,Slovakia,0.5,0.8675632284814612,3,0.6666666666666666
2004,SWE,Sweden,0.26530612244897955,1.4750763110546947,5,0.42857142857142855
2004,SYR,Syria,1.0,-0.0,1,1.0
2004,THA,Thailand,0.40625,0.9743147528693494,3,0.5
2004,TPE,Taiwan,0.52,0.6730116670092565,2,0.6
2004,TTO,Trinidad,1.0,-0.0,1,1.0
2004,TUR,Turkey,0.30578512396694213,1.3667110520552042,5,0.45454545454545453
2004,UAE,United Arab Emirates,1.0,-0.0,1,1.0
2004,UKR,Ukraine,0.08264462809917356,2.6023807799324827,15,0.13636363636363635
2004,USA,United States,0.1571414567199294,2.3565177881654282,22,0.27722772277227725
2004,UZB,Uzbekistan,0.52,0.6730116670092565,2,0.6
2004,VEN,Venezuela,0.5,0.6931471805599453,2,0.5
2004,ZIM,Zimbabwe,1.0,-0.0,1,1.0
2008,AFG,Afghanistan,1.0,-0.0,1,1.0
2008,ALG,Algeria,1.0,-0.0,1,1.0
2008,ARG,Argentina,0.16666666666666669,1.7917594692280547,6,0.16666666666666666
2008,ARM,Armenia,0.3888888888888889,1.0114042647073518,3,0.5
2008,AUS,Australia,0.22400756143667297,2.0270919414460877,14,0.43478260869565216
2008,AUT,Austria,0.3333333333333333,1.0986122886681096,3,0.3333333333333333
2008,AZE,Azerbaijan,0.42857142857142855,0.9556998911125343,3,0.5714285714285714
2008,BAH,Bahamas,1.0,-0.0,1,1.0
2008,BEL,Belgium,1.0,-0.0,1,1.0
2008,BLR,Belarus,0.20370370370370372,1.6958654450774615,6,0.3333333333333333
2008,BRA,Brazil,0.1328125,2.0467385326945515,8,0.1875
2008,BUL,Bulgaria,0.6800000000000002,0.5004024235381879,2,0.8
2008,CAN,Canada,0.11911357340720222,2.2148103680507085,10,0.21052631578947367
2008,CHI,Chile,1.0,-0.0,1,1.0
2008,CHN,China,0.0716,2.874655613180116,25,0.14
2008,CMR,Cameroon,1.0,-0.0,1,1.0
2008,COL,Colombia,0.5,0.6931471805599453,2,0.5
2008,CRO,Croatia,0.28,1.3321790402101223,4,0.4
2008,CUB,Cuba,0.22569444444444442,1.7016672173905492,8,0.3333333333333333
2008,CZE,Czechia,0.3333333333333333,1.2424533248940002,4,0.5
2008,DEN,Denmark,0.18367346938775508,1.7478680974667573,6,0.2857142857142857
2008,DOM,Dominican Republic,0.5,0.6931471805599453,2,0.5
2008,ECU,Ecuador,1.0,-0.0,1,1.0
2008,EGY,Egypt,1.0,-0.0,1,1.0
2008,ESP,Spain,0.12962962962962962,2.168155236015967,10,0.2222222222222222
2008,EST,Estonia,0.5,0.6931471805599453,2,0.5
2008,ETH,Ethiopia,1.0,-0.0,1,1.0
2008,FIN,Finland,0.375,1.0397207708399179,3,0.5
2008,FRA,France,0.0874479476502082,2.588825382379823,16,0.14634146341463414
2008,GBR,United Kingdom,0.15364583333333337,2.0957087043241898,11,0.2916666666666667
2008,GEO,Georgia,0.5,0.8675632284814612,3,0.6666666666666666
2008,GER,Germany,0.08863771564544913,2.680285468739016,19,0.1951219512195122
2008,GRE,Greece,0.25,1.3862943611198906,4,0.25
2008,HUN,Hungary,0.28,1.4184836619456564,5,0.4
2008,INA,Indonesia,0.52,0.6730116670092565,2,0.6
2008,IND,India,0.3333333333333333,1.0986122886681096,3,0.3333333333333333
2008,IRI,Iran,0.5,0.6931471805599453,2,0.5
2008,IRL,Ireland,1.0,-0.0,1,1.0
2008,ISL,Iceland,1.0,-0.0,1,1.0
2008,ISR,Israel,1.0,-0.0,1,1.0
2008,ITA,Italy,0.1220850480109739,2.341828635638573,13,0.25925925925925924
2008,JAM,Jamaica,1.0,-0.0,1,1.0
2008,JPN,Japan,0.1904,1.866659353586364,9,0.28
2008,KAZ,Kazakhstan,0.2781065088757397,1.4127446368638479,5,0.38461538461538464
2008,KEN,Kenya,1.0,-0.0,1,1.0
2008,KGZ,Kyrgyzstan,1.0,-0.0,1,1.0
2008,KOR,South Korea,0.0967741935483871,2.4698549055658567,14,0.16129032258064516
2008,LAT,Latvia,0.3333333333333333,1.0986122886681096,3,0.3333333333333333
2008,LTU,Lithuania,0.28,1.3321790402101223,4,0.4
2008,MAR,Morocco,1.0,-0.0,1,1.0
2008,MAS,Malaysia,1.0,-0.0,1,1.0
2008,MDA,Moldova,1.0,-0.0,1,1.0
2008,MEX,Mexico,0.5555555555555556,0.6365141682948128,2,0.6666666666666666
2008,MGL,Mongolia,0.375,1.0397207708399179,3,0.5
2008,MRI,Mauritius,1.0,-0.0,1,1.0
2008,NED,Netherlands,0.171875,1.923065784324152,8,0.3125
2008,NGR,Nigeria,0.375,1.0397207708399179,3,0.5
2008,NOR,Norway,0.16049382716049382,1.8891591637540217,7,0.2222222222222222
2008,NZL,New Zealand,0.2345679012345679,1.5229550675313184,5,0.3333333333333333
2008,PAN,Panama,1.0,-0.0,1,1.0
2008,POL,Poland,0.14,2.0253262207700677,8,0.2
2008,POR,Portugal,0.5,0.6931471805599453,2,0.5
2008,PRK,North Korea,0.3888888888888889,1.0114042647073518,3,0.5
2008,ROU,Romania,0.21875,1.559581156259877,5,0.25
2008,RSA,South Africa,1.0,-0.0,1,1.0
2008,RUS,Russia,0.1099537037037037,2.5455186066322835,19,0.2361111111111111
2008,SGP,Singapore,1.0,-0.0,1,1.0
2008,SLO,Slovenia,0.20000000000000004,1.6094379124341005,5,0.2
2008,SRB,Serbia,0.3333333333333333,1.0986122886681096,3,0.3333333333333333
2008,SUD,Sudan,1.0,-0.0,1,1.0
2008,SUI,Switzerland,0.38775510204081637,1.15374194270109,4,0.5714285714285714
2008,SVK,Slovakia,0.5,0.8675632284814612,3,0.6666666666666666
2008,SWE,Sweden,0.28,1.3321790402101223,4,0.4
2008,THA,Thailand,0.375,1.0397207708399179,3,0.5
2008,TJK,Tajikistan,0.5,0.6931471805599453,2,0.5
2008,TOG,Togo,1.0,-0.0,1,1.0
2008,TPE,Taiwan,0.5,0.6931471805599453,2,0.5
2008,TTO,Trinidad,1.0,-0.0,1,1.0
2008,TUN,Tunisia,1.0,-0.0,1,1.0
2008,TUR,Turkey,0.22448979591836732,1.5498260458782016,5,0.2857142857142857
2008,UKR,Ukraine,0.10836762688614537,2.423648011422662,14,0.18518518518518517
2008,USA,United States,0.1447933884297521,2.403705474347014,21,0.2818181818181818
2008,UZB,Uzbekistan,0.2777777777777778,1.3296613488547582,4,0.3333333333333333
2008,VEN,Venezuela,1.0,-0.0,1,1.0
2008,VIE,Vietnam,1.0,-0.0,1,1.0
2008,ZIM,Zimbabwe,1.0,-0.0,1,1.0
2012,AFG,Afghanistan,1.0,-0.0,1,1.0
2012,ALG,Algeria,1.0,-0.0,1,1.0
2012,ARG,Argentina,0.25,1.3862943611198906,4,0.25
2012,ARM,Armenia,0.5555555555555556,0.6365141682948128,2,0.6666666666666666
2012,AUS,Australia,0.15918367346938778,2.0681793192298974,11,0.2857142857142857
2012,AZE,Azerbaijan,0.5399999999999999,0.8018185525433373,3,0.7
2012,BAH,Bahamas,1.0,-0.0,1,1.0
2012,BEL,Belgium,0.3333333333333333,1.0986122886681096,3,0.3333333333333333
2012,BLR,Belarus,0.18055555555555558,1.7481554572476758,6,0.25
2012,BOT,Botswana,1.0,-0.0,1,1.0
2012,BRA,Brazil,0.14186851211072665,2.068513497359536,9,0.23529411764705882
2012,BRN,Bahrain,1.0,-0.0,1,1.0
2012,BUL,Bulgaria,0.5,0.6931471805599453,2,0.5
2012,CAN,Canada,0.1111111111111111,2.293118601486813,11,0.16666666666666666
2012,CHN,China,0.0730888429752066,2.761950107249503,20,0.11363636363636363
2012,COL,Colombia,0.21875,1.6674619334292948,6,0.375
2012,CRO,Croatia,0.16666666666666669,1.7917594692280547,6,0.16666666666666666
2012,CUB,Cuba,0.1836734693877551,1.809514255849282,7,0.2857142857142857
2012,CYP,Cyprus,1.0,-0.0,1,1.0
2012,CZE,Czechia,0.16000000000000006,1.8866967846580784,7,0.2
2012,DEN,Denmark,0.2345679012345679,1.5229550675313184,5,0.3333333333333333
2012,DOM,Dominican Republic,1.0,-0.0,1,1.0
2012,EGY,Egypt,0.5,0.6931471805599453,2,0.5
2012,ESP,Spain,0.12110726643598616,2.2008276490345495,10,0.17647058823529413
2012,EST,Estonia,0.5,0.6931471805599453,2,0.5
2012,ETH,Ethiopia,1.0,-0.0,1,1.0
2012,FIN,Finland,0.5555555555555556,0.6365141682948128,2,0.6666666666666666
2012,FRA,France,0.11836734693877551,2.3659499517254754,14,0.2
2012,GAB,Gabon,1.0,-0.0,1,1.0
2012,GBR,United Kingdom,0.09396449704142014,2.567965797667871,17,0.18461538461538463
2012,GEO,Georgia,0.7551020408163265,0.410116318288409,2,0.8571428571428571
2012,GER,Germany,0.11673553719008263,2.3188205697034148,13,0.18181818181818182
2012,GRE,Greece,0.5,0.6931471805599453,2,0.5
2012,GRN,Grenada,1.0,-0.0,1,1.0
2012,GUA,Guatemala,1.0,-0.0,1,1.0
2012,HKG,Hong Kong,1.0,-0.0,1,1.0
2012,HUN,Hungary,0.19135802469135801,1.8498981518685604,8,0.3333333333333333
2012,INA,Indonesia,1.0,-0.0,1,1.0
2012,IND,India,0.2777777777777778,1.3296613488547582,4,0.3333333333333333
2012,IRI,Iran,0.375,1.1269287948006759,4,0.5
2012,IRL,Ireland,0.6800000000000002,0.5004024235381879,2,0.8
2012,ITA,Italy,0.125,2.3911083732937066,15,0.25
2012,JAM,Jamaica,1.0,-0.0,1,1.0
2012,JPN,Japan,0.15927977839335178,2.1423966479426566,13,0.2894736842105263
2012,KAZ,Kazakhstan,0.25443786982248523,1.458319222464348,5,0.3076923076923077
2012,KEN,Kenya,1.0,-0.0,1,1.0
2012,KOR,South Korea,0.12755102040816324,2.2460848883801146,12,0.21428571428571427
2012,KSA,Saudi Arabia,1.0,-0.0,1,1.0
2012,KUW,Kuwait,1.0,-0.0,1,1.0
2012,LAT,Latvia,0.5,0.6931471805599453,2,0.5
2012,LTU,Lithuania,0.20000000000000004,1.6094379124341005,5,0.2
2012,MAR,Morocco,1.0,-0.0,1,1.0
2012,MAS,Malaysia,0.5,0.6931471805599453,2,0.5
2012,MDA,Moldova,1.0,-0.0,1,1.0
2012,MEX,Mexico,0.30612244897959184,1.277034259466139,4,0.42857142857142855
2012,MGL,Mongolia,0.3600000000000001,1.0549201679861442,3,0.4
2012,MNE,Montenegro,1.0,-0.0,1,1.0
2012,NED,Netherlands,0.15,1.9730014063936128,8,0.2
2012,NOR,Norway,0.25,1.3862943611198906,4,0.25
2012,NZL,New Zealand,0.242603550295858,1.5857708352080966,6,0.38461538461538464
2012,POL,Poland,0.16000000000000003,1.8866967846580784,7,0.2
2012,POR,Portugal,1.0,-0.0,1,1.0
2012,PRK,North Korea,0.5,0.8675632284814612,3,0.6666666666666666
2012,PUR,Puerto Rico,0.5,0.6931471805599453,2,0.5
2012,QAT,Qatar,0.5,0.6931471805599453,2,0.5
2012,ROU,Romania,0.2345679012345679,1.5229550675313182,5,0.3333333333333333
2012,RSA,South Africa,0.3333333333333333,1.2424533248940002,4,0.5
2012,RUS,Russia,0.10023795359904822,2.614627356808754,20,0.21951219512195122
2012,SGP,Singapore,1.0,-0.0,1,1.0
2012,SLO,Slovenia,0.25,1.3862943611198906,4,0.25
2012,SRB,Serbia,0.375,1.0397207708399179,3,0.5
2012,SUI,Switzerland,0.25,1.3862943611198906,4,0.25
2012,SVK,Slovakia,0.5,0.6931471805599453,2,0.5
2012,SWE,Sweden,0.1875,1.7328679513998633,6,0.25
2012,THA,Thailand,0.3333333333333333,1.0986122886681096,3,0.3333333333333333
2012,TJK,Tajikistan,1.0,-0.0,1,1.0
2012,TPE,Taiwan,0.5,0.6931471805599453,2,0.5
2012,TTO,Trinidad,1.0,-0.0,1,1.0
2012,TUN,Tunisia,0.5555555555555556,0.6365141682948128,2,0.6666666666666666
2012,TUR,Turkey,0.3600000000000001,1.0549201679861442,3,0.4
2012,UGA,Uganda,1.0,-0.0,1,1.0
2012,UKR,Ukraine,0.145,2.0558449546770494,9,0.25
2012,USA,United States,0.17862192478084646,2.2225048879061875,19,0.30097087378640774
2012,UZB,Uzbekistan,0.3333333333333333,1.0986122886681096,3,0.3333333333333333
2012,VEN,Venezuela,1.0,-0.0,1,1.0
2016,ALG,Algeria,1.0,-0.0,1,1.0
2016,ARG,Argentina,0.25,1.3862943611198906,4,0.25
2016,ARM,Armenia,0.5,0.6931471805599453,2,0.5
2016,AUS,Australia,0.1700356718192628,2.125028646407715,12,0.3448275862068966
2016,AUT,Austria,1.0,-0.0,1,1.0
2016,AZE,Azerbaijan,0.3148148148148148,1.377608360930055,5,0.5
2016,BAH,Bahamas,1.0,-0.0,1,1.0
2016,BDI,Burundi,1.0,-0.0,1,1.0
2016,BEL,Belgium,0.22222222222222227,1.5607104090414063,5,0.3333333333333333
2016,BLR,Belarus,0.20987654320987653,1.6769877743224173,6,0.3333333333333333
2016,BRA,Brazil,0.10803324099722991,2.351080823422605,12,0.15789473684210525
2016,BRN,Bahrain,1.0,-0.0,1,1.0
2016,BUL,Bulgaria,0.3333333333333333,1.0986122886681096,3,0.3333333333333333
2016,CAN,Canada,0.1776859504132231,1.9876923464048413,10,0.2727272727272727
2016,CHN,China,0.07591836734693878,2.757621311090112,20,0.14285714285714285
2016,CIV,Cote d'Ivoire,1.0,-0.0,1,1.0
2016,COL,Colombia,0.21875,1.559581156259877,5,0.25
2016,CRO,Croatia,0.20000000000000004,1.6957425341696346,6,0.3
2016,CUB,Cuba,0.38842975206611563,1.1209503926735835,4,0.5454545454545454
2016,CZE,Czechia,0.22000000000000003,1.6434177197931796,6,0.3
2016,DEN,Denmark,0.1288888888888889,2.1186492470699507,9,0.2
2016,DOM,Dominican Republic,1.0,-0.0,1,1.0
2016,EGY,Egypt,0.5555555555555556,0.6365141682948128,2,0.6666666666666666
2016,ESP,Spain,0.12802768166089967,2.1808395270586205,10,0.23529411764705882
2016,EST,Estonia,1.0,-0.0,1,1.0
2016,ETH,Ethiopia,1.0,-0.0,1,1.0
2016,FIJ,Fiji,1.0,-0.0,1,1.0
2016,FIN,Finland,1.0,-0.0,1,1.0
2016,FRA,France,0.08956916099773242,2.5427560324193563,15,0.14285714285714285
2016,GBR,United Kingdom,0.0826464691468033,2.716706842743566,20,0.1791044776119403
2016,GEO,Georgia,0.346938775510204,1.0789922078775833,3,0.42857142857142855
2016,GER,Germany,0.08390022675736959,2.703377931596625,19,0.16666666666666666
2016,GRE,Greece,0.2222222222222222,1.5607104090414063,5,0.3333333333333333
2016,GRN,Grenada,1.0,-0.0,1,1.0
2016,HUN,Hungary,0.33333333333333337,1.2105578441774711,4,0.4666666666666667
2016,INA,Indonesia,0.5555555555555556,0.6365141682948128,2,0.6666666666666666
2016,IND,India,0.5,0.6931471805599453,2,0.5
2016,IOA,Individual Olympic Athletes,1.0,-0.0,1,1.0
2016,IRI,Iran,0.46875,0.9002560512685369,3,0.625
2016,IRL,Ireland,0.5,0.6931471805599453,2,0.5
2016,ISR,Israel,1.0,-0.0,1,1.0
2016,ITA,Italy,0.13265306122448978,2.2020903052485687,11,0.25
2016,JAM,Jamaica,1.0,-0.0,1,1.0
2016,JOR,Jordan,1.0,-0.0,1,1.0
2016,JPN,Japan,0.16359309934562763,2.0596164886653145,11,0.2926829268292683
2016,KAZ,Kazakhstan,0.2345679012345679,1.5859341131926619,6,0.3333333333333333
2016,KEN,Kenya,1.0,-0.0,1,1.0
2016,KOR,South Korea,0.16099773242630386,1.9891507847431795,9,0.23809523809523808
2016,KOS,Kosovo,1.0,-0.0,1,1.0
2016,LTU,Lithuania,0.375,1.0397207708399179,3,0.5
2016,MAR,Morocco,1.0,-0.0,1,1.0
2016,MAS,Malaysia,0.44000000000000006,0.9502705392332347,3,0.6
2016,MEX,Mexico,0.20000000000000004,1.6094379124341005,5,0.2
2016,MGL,Mongolia,0.5,0.6931471805599453,2,0.5
2016,NED,Netherlands,0.1634349030470914,2.0592293789763123,10,0.3157894736842105
2016,NGR,Nigeria,1.0,-0.0,1,1.0
2016,NIG,Niger,1.0,-0.0,1,1.0
2016,NOR,Norway,0.375,1.0397207708399179,3,0.5
2016,NZL,New Zealand,0.16666666666666666,1.9080368345090655,8,0.2222222222222222
2016,PHI,Philippines,1.0,-0.0,1,1.0
2016,POL,Poland,0.19008264462809915,1.7201934592198251,6,0.2727272727272727
2016,POR,Portugal,1.0,-0.0,1,1.0
2016,PRK,North Korea,0.3877551020408163,1.1537419427010902,4,0.5714285714285714
2016,PUR,Puerto Rico,1.0,-0.0,1,1.0
2016,QAT,Qatar,1.0,-0.0,1,1.0
2016,ROU,Romania,0.25,1.3862943611198906,4,0.25
2016,RSA,South Africa,0.28,1.4184836619456564,5,0.4
2016,RUS,Russia,0.09056122448979592,2.6087881866897327,18,0.16071428571428573
2016,SGP,Singapore,1.0,-0.0,1,1.0
2016,SLO,Slovenia,0.375,1.0397207708399179,3,0.5
2016,SRB,Serbia,0.15625,1.9061547465398496,7,0.25
2016,SUI,Switzerland,0.18367346938775508,1.7478680974667573,6,0.2857142857142857
2016,SVK,Slovakia,0.625,0.5623351446188083,2,0.75
2016,SWE,Sweden,0.17355371900826444,1.8462202193216333,7,0.2727272727272727
2016,THA,Thailand,0.5555555555555556,0.6365141682948128,2,0.6666666666666666
2016,TJK,Tajikistan,1.0,-0.0,1,1.0
2016,TPE,Taiwan,0.5555555555555556,0.6365141682948128,2,0.6666666666666666
2016,TTO,Trinidad,1.0,-0.0,1,1.0
2016,TUN,Tunisia,0.3333333333333333,1.0986122886681096,3,0.3333333333333333
2016,TUR,Turkey,0.4375,1.073542846408523,4,0.625
2016,UAE,United Arab Emirates,1.0,-0.0,1,1.0
2016,UKR,Ukraine,0.14049586776859505,2.0198149924929463,8,0.18181818181818182
2016,USA,United States,0.16248890103135033,2.346153866061894,23,0.2727272727272727
2016,UZB,Uzbekistan,0.37278106508875736,1.1569876443452742,4,0.5384615384615384
2016,VEN,Venezuela,0.3333333333333333,1.0986122886681096,3,0.3333333333333333
2016,VIE,Vietnam,1.0,-0.0,1,1.0
2020,ARG,Argentina,0.3333333333333333,1.0986122886681096,3,0.3333333333333333
2020,ARM,Armenia,0.25,1.3862943611198906,4,0.25
2020,AUS,Australia,0.21266540642722118,2.243542638555978,19,0.43478260869565216
2020,AUT,Austria,0.18367346938775508,1.7478680974667573,6,0.2857142857142857
2020,AZE,Azerbaijan,0.30612244897959184,1.277034259466139,4,0.42857142857142855
2020,BAH,Bahamas,1.0,-0.0,1,1.0
2020,BEL,Belgium,0.18367346938775508,1.7478680974667573,6,0.2857142857142857
2020,BER,Bermuda,1.0,-0.0,1,1.0
2020,BLR,Belarus,0.26530612244897955,1.4750763110546947,5,0.42857142857142855
2020,BOT,Botswana,1.0,-0.0,1,1.0
2020,BRA,Brazil,0.0929705215419501,2.466577143604936,13,0.14285714285714285
2020,BRN,Bahrain,1.0,-0.0,1,1.0
2020,BUL,Bulgaria,0.2222222222222222,1.5607104090414063,5,0.3333333333333333
2020,BUR,Burkina Faso,1.0,-0.0,1,1.0
2020,CAN,Canada,0.1597222222222222,2.05112503554727,10,0.25
2020,CHN,China,0.07773760330578514,2.7317194032465935,20,0.13636363636363635
2020,CIV,Cote d'Ivoire,1.0,-0.0,1,1.0
2020,COL,Colombia,0.3600000000000001,1.0549201679861442,3,0.4
2020,CRO,Croatia,0.21875,1.559581156259877,5,0.25
2020,CUB,Cuba,0.2088888888888889,1.732125981490266,7,0.3333333333333333
2020,CZE,Czechia,0.15702479338842976,1.8937882323911377,7,0.18181818181818182
2020,DEN,Denmark,0.15702479338842973,1.9722469794234416,8,0.2727272727272727
2020,DOM,Dominican Republic,0.3600000000000001,1.0549201679861442,3,0.4
2020,ECU,Ecuador,0.5555555555555556,0.6365141682948128,2,0.6666666666666666
2020,EGY,Egypt,0.2777777777777778,1.3296613488547582,4,0.3333333333333333
2020,ESP,Spain,0.07958477508650519,2.5885731626821173,14,0.11764705882352941
2020,EST,Estonia,1.0,-0.0,1,1.0
2020,ETH,Ethiopia,1.0,-0.0,1,1.0
2020,FIJ,Fiji,1.0,-0.0,1,1.0
2020,FIN,Finland,0.5,0.6931471805599453,2,0.5
2020,FRA,France,0.11294765840220387,2.480636767342448,16,0.24242424242424243
2020,GBR,United Kingdom,0.06887573964497043,2.871750677041545,23,0.12307692307692308
2020,GEO,Georgia,0.375,1.0397207708399179,3,0.5
2020,GER,Germany,0.0737764791818846,2.6784581552231375,16,0.10810810810810811
2020,GHA,Ghana,1.0,-0.0,1,1.0
2020,GRE,Greece,0.25,1.3862943611198906,4,0.25
2020,GRN,Grenada,1.0,-0.0,1,1.0
2020,HKG,Hong Kong,0.2222222222222222,1.5607104090414063,5,0.3333333333333333
2020,HUN,Hungary,0.15500000000000003,2.0854684353173742,10,0.3
2020,INA,Indonesia,0.52,0.6730116670092565,2,0.6
2020,IND,India,0.18367346938775508,1.7478680974667573,6,0.2857142857142857
2020,IRI,Iran,0.3877551020408163,1.1537419427010902,4,0.5714285714285714
2020,IRL,Ireland,0.5,0.6931471805599453,2,0.5
2020,ISR,Israel,0.25,1.3862943611198906,4,0.25
2020,ITA,Italy,0.08125,2.714334776208998,19,0.15
2020,JAM,Jamaica,1.0,-0.0,1,1.0
2020,JOR,Jordan,0.5,0.6931471805599453,2,0.5
2020,JPN,Japan,0.09274673008323424,2.648394910317519,19,0.20689655172413793
2020,KAZ,Kazakhstan,0.21875,1.559581156259877,5,0.25
2020,KEN,Kenya,1.0,-0.0,1,1.0
2020,KGZ,Kyrgyzstan,1.0,-0.0,1,1.0
2020,KOR,South Korea,0.16500000000000004,1.9172155185650603,8,0.25
2020,KOS,Kosovo,1.0,-0.0,1,1.0
2020,KSA,Saudi Arabia,1.0,-0.0,1,1.0
2020,KUW,Kuwait,1.0,-0.0,1,1.0
2020,LAT,Latvia,0.5,0.6931471805599453,2,0.5
2020,LTU,Lithuania,1.0,-0.0,1,1.0
2020,MAR,Morocco,1.0,-0.0,1,1.0
2020,MAS,Malaysia,0.5,0.6931471805599453,2,0.5
2020,MDA,Moldova,1.0,-0.0,1,1.0
2020,MEX,Mexico,0.25,1.3862943611198906,4,0.25
2020,MGL,Mongolia,0.625,0.5623351446188083,2,0.75
2020,MKD,North Macedonia,1.0,-0.0,1,1.0
2020,NAM,Namibia,1.0,-0.0,1,1.0
2020,NED,Netherlands,0.12654320987654322,2.276661112242188,13,0.2222222222222222
2020,NGR,Nigeria,0.5,0.6931471805599453,2,0.5
2020,NOR,Norway,0.21875,1.6674619334292948,6,0.375
2020,NZL,New Zealand,0.13,2.220636797977266,11,0.25
2020,PHI,Philippines,0.625,0.5623351446188083,2,0.75
2020,POL,Poland,0.4489795918367348,1.1275347898191255,5,0.6428571428571429
2020,POR,Portugal,0.375,1.0397207708399179,3,0.5
2020,PUR,Puerto Rico,1.0,-0.0,1,1.0
2020,QAT,Qatar,0.3333333333333333,1.0986122886681096,3,0.3333333333333333
2020,ROC,Russia,0.0759769886927197,2.753091321891723,20,0.11267605633802817
2020,ROU,Romania,0.625,0.5623351446188083,2,0.75
2020,RSA,South Africa,0.5555555555555556,0.6365141682948128,2,0.6666666666666666
2020,SLO,Slovenia,0.28,1.3321790402101223,4,0.4
2020,SMR,San Marino,0.5555555555555556,0.6365141682948128,2,0.6666666666666666
2020,SRB,Serbia,0.16049382716049382,1.8891591637540217,7,0.2222222222222222
2020,SUI,Switzerland,0.18343195266272194,1.818483163012365,7,0.3076923076923077
2020,SVK,Slovakia,0.25,1.3862943611198906,4,0.25
2020,SWE,Sweden,0.2345679012345679,1.5229550675313184,5,0.3333333333333333
2020,SYR,Syria,1.0,-0.0,1,1.0
2020,THA,Thailand,0.5,0.6931471805599453,2,0.5
2020,TKM,Turkmenistan,1.0,-0.0,1,1.0
2020,TPE,Taiwan,0.11111111111111112,2.2538575896013517,10,0.16666666666666666
2020,TUN,Tunisia,0.5,0.6931471805599453,2,0.5
2020,TUR,Turkey,0.20710059171597633,1.6715952780212542,6,0.3076923076923077
2020,UGA,Uganda,1.0,-0.0,1,1.0
2020,UKR,Ukraine,0.1080332409972299,2.3607360902738552,12,0.21052631578947367
2020,USA,United States,0.14104471767562068,2.5208371122897852,27,0.26548672566371684
2020,UZB,Uzbekistan,0.20000000000000004,1.6094379124341005,5,0.2
2020,VEN,Venezuela,0.375,1.0397207708399179,3,0.5
2024,AIN,AIN,0.28,1.3321790402101223,4,0.4
2024,ALB,Albania,1.0,-0.0,1,1.0
2024,ALG,Algeria,0.3333333333333333,1.0986122886681096,3,0.3333333333333333
2024,ARG,Argentina,0.3333333333333333,1.0986122886681096,3,0.3333333333333333
2024,ARM,Armenia,0.375,1.0397207708399179,3,0.5
2024,AUS,Australia,0.16050295857988162,2.3640078232319555,19,0.34615384615384615
2024,AUT,Austria,0.3600000000000001,1.0549201679861442,3,0.4
2024,AZE,Azerbaijan,0.3061224489795918,1.277034259466139,4,0.42857142857142855
2024,BEL,Belgium,0.25925925925925924,1.4648163848908131,5,0.3333333333333333
2024,BOT,Botswana,1.0,-0.0,1,1.0
2024,BRA,Brazil,0.12500000000000003,2.233270374938051,11,0.2
2024,BRN,Bahrain,0.375,1.0397207708399179,3,0.5
2024,BUL,Bulgaria,0.22448979591836732,1.5498260458782016,5,0.2857142857142857
2024,CAN,Canada,0.1440329218106996,2.3303177453847335,15,0.2962962962962963
2024,CHI,Chile,0.5,0.6931471805599453,2,0.5
2024,CHN,China,0.07595701002294411,2.7987841372920825,23,0.13186813186813187
2024,CIV,Cote d'Ivoire,1.0,-0.0,1,1.0
2024,COL,Colombia,0.375,1.0397207708399179,3,0.5
2024,CPV,Cabo Verde,1.0,-0.0,1,1.0
2024,CRO,Croatia,0.14285714285714285,1.945910149055313,7,0.14285714285714285
2024,CUB,Cuba,0.3827160493827161,1.1490596969706202,4,0.5555555555555556
2024,CYP,Cyprus,1.0,-0.0,1,1.0
2024,CZE,Czechia,0.28,1.3321790402101223,4,0.4
2024,DEN,Denmark,0.13580246913580246,2.0431918705451206,8,0.2222222222222222
2024,DMA,Dominica,1.0,-0.0,1,1.0
2024,DOM,Dominican Republic,0.5555555555555556,0.6365141682948128,2,0.6666666666666666
2024,ECU,Ecuador,0.3600000000000001,1.0549201679861442,3,0.4
2024,EGY,Egypt,0.3333333333333333,1.0986122886681096,3,0.3333333333333333
2024,EOR,EOR,1.0,-0.0,1,1.0
2024,ESP,Spain,0.1111111111111111,2.3512572841273185,12,0.2222222222222222
2024,ETH,Ethiopia,1.0,-0.0,1,1.0
2024,FIJ,Fiji,1.0,-0.0,1,1.0
2024,FRA,France,0.0673828125,3.0023354704545664,27,0.15625
2024,GBR,United Kingdom,0.08692365835222977,2.6902960093710813,21,0.15873015873015872
2024,GEO,Georgia,0.3061224489795918,1.277034259466139,4,0.42857142857142855
2024,GER,Germany,0.08636836628511967,2.637770369142914,17,0.16129032258064516
2024,GRE,Greece,0.1875,1.7328679513998633,6,0.25
2024,GRN,Grenada,1.0,-0.0,1,1.0
2024,GUA,Guatemala,1.0,-0.0,1,1.0
2024,HKG,Hong Kong,0.5,0.6931471805599453,2,0.5
2024,HUN,Hungary,0.22222222222222224,1.7674248259297283,8,0.3888888888888889
2024,INA,Indonesia,0.3333333333333333,1.0986122886681096,3,0.3333333333333333
2024,IND,India,0.33333333333333337,1.242453324894,4,0.5
2024,IRI,Iran,0.5555555555555556,0.6365141682948128,2,0.6666666666666666
2024,IRL,Ireland,0.28,1.3321790402101223,4,0.4
2024,ISR,Israel,0.3061224489795918,1.277034259466139,4,0.42857142857142855
2024,ITA,Italy,0.07716049382716049,2.685716385257584,17,0.1388888888888889
2024,JAM,Jamaica,1.0,-0.0,1,1.0
2024,JOR,Jordan,1.0,-0.0,1,1.0
2024,JPN,Japan,0.12790123456790126,2.3639399673794275,16,0.24444444444444444
2024,KAZ,Kazakhstan,0.22448979591836732,1.5498260458782016,5,0.2857142857142857
2024,KEN,Kenya,1.0,-0.0,1,1.0
2024,KGZ,Kyrgyzstan,0.7222222222222223,0.45056120886630463,2,0.8333333333333334
2024,KOR,South Korea,0.13671875,2.1600052817005246,11,0.21875
2024,KOS,Kosovo,1.0,-0.0,1,1.0
2024,LCA,Saint Lucia,1.0,-0.0,1,1.0
2024,LTU,Lithuania,0.25,1.3862943611198906,4,0.25
2024,MAR,Morocco,0.5,0.6931471805599453,2,0.5
2024,MAS,Malaysia,1.0,-0.0,1,1.0
2024,MDA,Moldova,0.375,1.0397207708399179,3,0.5
2024,MEX,Mexico,0.28,1.3321790402101223,4,0.4
2024,MGL,Mongolia,1.0,-0.0,1,1.0
2024,NED,Netherlands,0.13494809688581316,2.239565087036842,13,0.23529411764705882
2024,NOR,Norway,0.21875,1.6674619334292948,6,0.375
2024,NZL,New Zealand,0.155,2.0126926438092823,9,0.25
2024,PAK,Pakistan,1.0,-0.0,1,1.0
2024,PAN,Panama,1.0,-0.0,1,1.0
2024,PER,Peru,1.0,-0.0,1,1.0
2024,PHI,Philippines,0.5,0.6931471805599453,2,0.5
2024,POL,Poland,0.12000000000000002,2.163955656882057,9,0.2
2024,POR,Portugal,0.375,1.0397207708399179,3,0.5
2024,PRK,North Korea,0.2777777777777778,1.3296613488547582,4,0.3333333333333333
2024,PUR,Puerto Rico,0.5,0.6931471805599453,2,0.5
2024,QAT,Qatar,1.0,-0.0,1,1.0
2024,ROU,Romania,0.3827160493827161,1.1490596969706202,4,0.5555555555555556
2024,RSA,South Africa,0.2777777777777778,1.3296613488547582,4,0.3333333333333333
2024,SGP,Singapore,1.0,-0.0,1,1.0
2024,SLO,Slovenia,0.3333333333333333,1.0986122886681096,3,0.3333333333333333
2024,SRB,Serbia,0.20000000000000004,1.6094379124341005,5,0.2
2024,SUI,Switzerland,0.15625,1.9061547465398496,7,0.25
2024,SVK,Slovakia,1.0,-0.0,1,1.0
2024,SWE,Sweden,0.14049586776859505,2.0198149924929463,8,0.18181818181818182
2024,THA,Thailand,0.3333333333333333,1.2424533248940002,4,0.5
2024,TJK,Tajikistan,0.5555555555555556,0.6365141682948128,2,0.6666666666666666
2024,TPE,Taiwan,0.26530612244897955,1.4750763110546947,5,0.42857142857142855
2024,TUN,Tunisia,0.5555555555555556,0.6365141682948128,2,0.6666666666666666
2024,TUR,Turkey,0.25,1.4941751382893085,5,0.375
2024,UGA,Uganda,1.0,-0.0,1,1.0
2024,UKR,Ukraine,0.18055555555555558,1.8200759753606213,7,0.25
2024,USA,United States,0.14203171190540176,2.5887849445685593,32,0.2786885245901639
2024,UZB,Uzbekistan,0.25443786982248523,1.4791328074296435,5,0.38461538461538464
2024,ZAM,Zambia,1.0,-0.0,1,1.0
