year,season,sport,countries_winning_medals,sport_country_hhi,sport_medal_entropy,max_country_share,sport_year_total_medals,sport_globalization_index
1896,Summer,Athletics,7,0.2930612244897959,1.5098863271686571,0.45714285714285713,35,0.7069387755102041
1896,Summer,Cycling,5,0.2578125,1.4614721293040243,0.375,16,0.7421875
1896,Summer,Fencing,3,0.40625,0.9743147528693494,0.5,8,0.59375
1896,Summer,Gymnastics,3,0.4135802469135803,0.9809896824453153,0.5555555555555556,18,0.5864197530864197
1896,Summer,Shooting,3,0.44000000000000006,0.9502705392332347,0.6,15,0.5599999999999999
1896,Summer,Swimming,3,0.44000000000000006,0.9502705392332347,0.6,10,0.5599999999999999
1896,Summer,Tennis,5,0.25925925925925924,1.464816384890813,0.3333333333333333,9,0.7407407407407407
1896,Summer,Weightlifting,3,0.3333333333333333,1.0986122886681096,0.3333333333333333,6,0.6666666666666667
1896,Summer,Wrestling,2,0.5555555555555556,0.6365141682948128,0.6666666666666666,3,0.4444444444444444
1900,Summer,Archery,2,0.545,0.6474466390346325,0.65,20,0.45499999999999996
1900,Summer,Athletics,12,0.3509766855702583,1.5803595083901616,0.5652173913043478,69,0.6490233144297417
1900,Summer,Basque Pelota,1,1.0,-0.0,1.0,1,0.0
1900,Summer,Cricket,2,0.5555555555555556,0.6365141682948128,0.6666666666666666,3,0.4444444444444444
1900,Summer,Croquet,1,1.0,-0.0,1.0,7,0.0
1900,Summer,Cycling,5,0.3580246913580247,1.3030924037617193,0.5555555555555556,9,0.6419753086419753
1900,Summer,Equestrianism,3,0.41333333333333333,0.9701157839869381,0.5333333333333333,15,0.5866666666666667
1900,Summer,Fencing,4,0.5374149659863946,0.9121588139190028,0.7142857142857143,21,0.4625850340136054
1900,Summer,Football,4,0.28,1.3321790402101223,0.4,5,0.72
1900,Summer,Golf,2,0.5555555555555556,0.6365141682948128,0.6666666666666666,6,0.4444444444444444
1900,Summer,Gymnastics,1,1.0,-0.0,1.0,3,0.0
1900,Summer,Polo,4,0.2839506172839506,1.310783678099714,0.3333333333333333,9,0.7160493827160495
1900,Summer,Rowing,6,0.2653061224489796,1.5367224694372192,0.42857142857142855,14,0.7346938775510203
1900,Summer,Rugby,5,0.20000000000000004,1.6094379124341005,0.2,5,0.7999999999999999
1900,Summer,Sailing,6,0.3652445369406868,1.3067329794624838,0.5483870967741935,31,0.6347554630593132
1900,Summer,Shooting,6,0.2032,1.668551040319442,0.28,25,0.7968
1900,Summer,Swimming,8,0.15646258503401358,1.9513496062520654,0.23809523809523808,21,0.8435374149659864
1900,Summer,Tennis,4,0.3395061728395062,1.223575654138956,0.5,18,0.6604938271604939
1900,Summer,Tug-Of-War,4,0.25,1.3862943611198906,0.25,4,0.75
1900,Summer,Water Polo,4,0.28,1.3321790402101223,0.4,5,0.72
1904,Summer,Archery,1,1.0,-0.0,1.0,16,0.0
1904,Summer,Athletics,6,0.8171296296296297,0.46961387921805253,0.9027777777777778,72,0.18287037037037035
1904,Summer,Boxing,1,1.0,-0.0,1.0,18,0.0
1904,Summer,Cycling,1,1.0,-0.0,1.0,21,0.0
1904,Summer,Diving,2,0.5555555555555556,0.6365141682948128,0.6666666666666666,3,0.4444444444444444
1904,Summer,Fencing,2,0.6088888888888888,0.5799151714181009,0.7333333333333333,15,0.3911111111111112
1904,Summer,Football,2,0.5555555555555556,0.6365141682948128,0.6666666666666666,3,0.4444444444444444
1904,Summer,Golf,2,0.7222222222222223,0.45056120886630463,0.8333333333333334,6,0.2777777777777777
1904,Summer,Gymnastics,4,0.6538775510204082,0.7162008651137044,0.8,35,0.34612244897959177
1904,Summer,Lacrosse,2,0.5555555555555556,0.6365141682948128,0.6666666666666666,3,0.4444444444444444
1904,Summer,Roque,1,1.0,-0.0,1.0,3,0.0
1904,Summer,Rowing,2,0.8673469387755102,0.25731864054383163,0.9285714285714286,14,0.13265306122448983
1904,Summer,Swimming,5,0.29555555555555557,1.3655230860155625,0.43333333333333335,30,0.7044444444444444
1904,Summer,Tennis,1,1.0,-0.0,1.0,6,0.0
1904,Summer,Tug-Of-War,2,0.625,0.5623351446188083,0.75,4,0.375
1904,Summer,Water Polo,1,1.0,-0.0,1.0,3,0.0
1904,Summer,Weightlifting,3,0.3888888888888889,1.0114042647073518,0.5,6,0.6111111111111112
1904,Summer,Wrestling,4,0.6689342403628118,0.6849547610531581,0.8095238095238095,21,0.3310657596371882
1906,Summer,Athletics,11,0.18994140625,1.9499996267857929,0.34375,64,0.81005859375
1906,Summer,Cycling,5,0.271604938271605,1.4264444338582805,0.3888888888888889,18,0.728395061728395
1906,Summer,Diving,2,0.5555555555555556,0.6365141682948128,0.6666666666666666,3,0.4444444444444444
1906,Summer,Fencing,8,0.15311909262759923,1.9565588879179248,0.21739130434782608,23,0.8468809073724007
1906,Summer,Football,4,0.25,1.3862943611198906,0.25,4,0.75
1906,Summer,Gymnastics,6,0.2222222222222222,1.6326309271543518,0.3333333333333333,12,0.7777777777777778
1906,Summer,Rowing,4,0.30246913580246915,1.2487993582902113,0.3333333333333333,18,0.6975308641975309
1906,Summer,Shooting,7,0.22685185185185186,1.638479597624642,0.3333333333333333,36,0.7731481481481481
1906,Summer,Swimming,6,0.25,1.5832584594204766,0.4166666666666667,12,0.75
1906,Summer,Tennis,3,0.3888888888888889,1.0114042647073518,0.5,12,0.6111111111111112
1906,Summer,Tug-Of-War,3,0.3333333333333333,1.0986122886681096,0.3333333333333333,3,0.6666666666666667
1906,Summer,Weightlifting,5,0.22448979591836732,1.5498260458782016,0.2857142857142857,7,0.7755102040816326
1906,Summer,Wrestling,5,0.26388888888888884,1.4451858789480823,0.3333333333333333,12,0.7361111111111112
1908,Summer,Archery,3,0.4320987654320988,0.936888307539016,0.5555555555555556,9,0.5679012345679012
1908,Summer,Athletics,13,0.242603550295858,1.863324545518097,0.4230769230769231,78,0.757396449704142
1908,Summer,Boxing,2,0.8755555555555556,0.24493002679463532,0.9333333333333333,15,0.12444444444444436
1908,Summer,Cycling,5,0.34567901234567905,1.2676770290452555,0.5,18,0.654320987654321
1908,Summer,Diving,3,0.3877551020408163,1.0042424730540764,0.42857142857142855,7,0.6122448979591837
1908,Summer,Fencing,6,0.2222222222222222,1.6326309271543518,0.3333333333333333,12,0.7777777777777778
1908,Summer,Figure Skating,4,0.3472222222222222,1.198849312913621,0.5,12,0.6527777777777778
1908,Summer,Football,3,0.3333333333333333,1.0986122886681096,0.3333333333333333,3,0.6666666666666667
1908,Summer,Gymnastics,6,0.16666666666666669,1.7917594692280547,0.16666666666666666,6,0.8333333333333333
1908,Summer,Hockey,1,1.0,-0.0,1.0,3,0.0
1908,Summer,Jeu De Paume,2,0.5555555555555556,0.6365141682948128,0.6666666666666666,3,0.4444444444444444
1908,Summer,Lacrosse,2,0.5,0.6931471805599453,0.5,2,0.5
1908,Summer,Motorboating,2,0.5555555555555556,0.6365141682948128,0.6666666666666666,3,0.4444444444444444
1908,Summer,Polo,1,1.0,-0.0,1.0,2,0.0
1908,Summer,Racquets,1,1.0,-0.0,1.0,6,0.0
1908,Summer,Rowing,6,0.3125,1.4402347497045995,0.5,16,0.6875
1908,Summer,Rugby,2,0.5,0.6931471805599453,0.5,2,0.5
1908,Summer,Sailing,4,0.48148148148148145,1.0027182645175161,0.6666666666666666,9,0.5185185185185186
1908,Summer,Shooting,8,0.2671604938271605,1.667643309607235,0.4666666666666667,45,0.7328395061728394
1908,Summer,Swimming,8,0.2098765432098766,1.8255635085702338,0.3888888888888889,18,0.7901234567901234
1908,Summer,Tennis,3,0.7098765432098766,0.5566469035821069,0.8333333333333334,18,0.2901234567901234
1908,Summer,Tug-Of-War,1,1.0,-0.0,1.0,3,0.0
1908,Summer,Water Polo,3,0.3333333333333333,1.0986122886681096,0.3333333333333333,3,0.6666666666666667
1908,Summer,Wrestling,10,0.21262002743484223,1.9207477987394992,0.4074074074074074,27,0.7873799725651578
1912,Summer,Art Competitions,5,0.2222222222222222,1.5607104090414063,0.3333333333333333,6,0.7777777777777778
1912,Summer,Athletics,12,0.25239912128569775,1.775078538975853,0.44086021505376344,93,0.7476008787143023
1912,Summer,Cycling,4,0.2777777777777778,1.3296613488547582,0.3333333333333333,6,0.7222222222222222
1912,Summer,Diving,3,0.45833333333333337,0.887694275799104,0.5833333333333334,12,0.5416666666666666
1912,Summer,Equestrianism,5,0.28,1.4019454593787288,0.4,15,0.72
1912,Summer,Fencing,7,0.17333333333333334,1.8413903748459726,0.26666666666666666,15,0.8266666666666667
1912,Summer,Football,3,0.3333333333333333,1.0986122886681096,0.3333333333333333,3,0.6666666666666667
1912,Summer,Gymnastics,8,0.1527777777777778,1.9792045174343245,0.25,12,0.8472222222222222
1912,Summer,Modern Pentathlon,1,1.0,-0.0,1.0,3,0.0
1912,Summer,Rowing,8,0.16326530612244897,1.9459101490553132,0.2857142857142857,14,0.8367346938775511
1912,Summer,Sailing,6,0.2222222222222222,1.6326309271543518,0.3333333333333333,12,0.7777777777777778
1912,Summer,Shooting,10,0.20438957475994513,1.857247762653181,0.3148148148148148,54,0.7956104252400549
1912,Summer,Swimming,7,0.19615912208504802,1.7382829223108733,0.25925925925925924,27,0.803840877914952
1912,Summer,Tennis,9,0.1597222222222222,1.9828347896999532,0.25,24,0.8402777777777778
1912,Summer,Tug-Of-War,2,0.5,0.6931471805599453,0.5,2,0.5
1912,Summer,Water Polo,3,0.3333333333333333,1.0986122886681096,0.3333333333333333,3,0.6666666666666667
1912,Summer,Wrestling,6,0.3066666666666667,1.430280301911093,0.4666666666666667,15,0.6933333333333334
1920,Summer,Archery,3,0.528344671201814,0.7732196077242826,0.6666666666666666,21,0.47165532879818595
1920,Summer,Art Competitions,5,0.3553719008264462,1.294545165844896,0.5454545454545454,11,0.6446280991735538
1920,Summer,Athletics,12,0.19593077024706035,1.900794638281281,0.3333333333333333,87,0.8040692297529397
1920,Summer,Boxing,8,0.1701388888888889,1.8891122655968182,0.25,24,0.8298611111111112
1920,Summer,Cycling,7,0.1728395061728395,1.8460525146995628,0.2777777777777778,18,0.8271604938271605
1920,Summer,Diving,4,0.40444444444444444,1.0625354080615974,0.5333333333333333,15,0.5955555555555556
1920,Summer,Equestrianism,4,0.30612244897959184,1.2704417386050006,0.42857142857142855,21,0.6938775510204082
1920,Summer,Fencing,5,0.3271604938271605,1.2919060073446698,0.4444444444444444,18,0.6728395061728395
1920,Summer,Figure Skating,5,0.25925925925925924,1.464816384890813,0.3333333333333333,9,0.7407407407407407
1920,Summer,Football,3,0.3333333333333333,1.0986122886681096,0.3333333333333333,3,0.6666666666666667
1920,Summer,Gymnastics,6,0.19008264462809915,1.7201934592198251,0.2727272727272727,11,0.8099173553719008
1920,Summer,Hockey,3,0.3333333333333333,1.0986122886681096,0.3333333333333333,3,0.6666666666666667
1920,Summer,Ice Hockey,3,0.3333333333333333,1.0986122886681096,0.3333333333333333,3,0.6666666666666667
1920,Summer,Modern Pentathlon,1,1.0,-0.0,1.0,3,0.0
1920,Summer,Polo,3,0.3333333333333333,1.0986122886681096,0.3333333333333333,3,0.6666666666666667
1920,Summer,Rowing,7,0.16444444444444445,1.8762735844302758,0.26666666666666666,15,0.8355555555555556
1920,Summer,Rugby,2,0.5,0.6931471805599453,0.5,2,0.5
1920,Summer,Sailing,6,0.25761772853185594,1.5484893511952997,0.42105263157894735,19,0.7423822714681441
1920,Summer,Shooting,11,0.2038296800201562,1.907578211813813,0.36507936507936506,63,0.7961703199798438
1920,Summer,Swimming,7,0.33111111111111113,1.4694044962459365,0.5333333333333333,30,0.6688888888888889
1920,Summer,Tennis,5,0.27111111111111114,1.4368286689630319,0.4,15,0.7288888888888889
1920,Summer,Tug-Of-War,3,0.3333333333333333,1.0986122886681096,0.3333333333333333,3,0.6666666666666667
1920,Summer,Water Polo,3,0.3333333333333333,1.0986122886681096,0.3333333333333333,3,0.6666666666666667
1920,Summer,Weightlifting,7,0.15555555555555559,1.8989267893363289,0.2,15,0.8444444444444444
1920,Summer,Wrestling,7,0.2382934443288241,1.6443460266931356,0.3870967741935484,31,0.761706555671176
1924,Summer,Art Competitions,9,0.13265306122448978,2.1065773332321154,0.21428571428571427,14,0.8673469387755102
1924,Summer,Athletics,15,0.2266422801402225,1.9136228182420252,0.3950617283950617,81,0.7733577198597775
1924,Summer,Boxing,9,0.1527777777777778,2.015164776490797,0.25,24,0.8472222222222222
1924,Summer,Cycling,8,0.19135802469135801,1.84989815186856,0.3333333333333333,18,0.808641975308642
1924,Summer,Diving,4,0.5644444444444443,0.857174043642079,0.7333333333333333,15,0.4355555555555557
1924,Summer,Equestrianism,9,0.14666666666666667,2.0611128325795947,0.26666666666666666,15,0.8533333333333333
1924,Summer,Fencing,8,0.1791383219954648,1.8724509888392686,0.2857142857142857,21,0.8208616780045352
1924,Summer,Football,3,0.3333333333333333,1.0986122886681096,0.3333333333333333,3,0.6666666666666667
1924,Summer,Gymnastics,6,0.23182441700960219,1.5874771242003332,0.3333333333333333,27,0.7681755829903978
1924,Summer,Modern Pentathlon,1,1.0,-0.0,1.0,3,0.0
1924,Summer,Polo,3,0.3333333333333333,1.0986122886681096,0.3333333333333333,3,0.6666666666666667
1924,Summer,Rowing,7,0.18,1.8182773198687407,0.25,20,0.8200000000000001
1924,Summer,Rugby,3,0.3333333333333333,1.0986122886681096,0.3333333333333333,3,0.6666666666666667
1924,Summer,Sailing,7,0.18518518518518517,1.8310204811135162,0.3333333333333333,9,0.8148148148148149
1924,Summer,Shooting,11,0.15555555555555556,2.1064192423917003,0.3,30,0.8444444444444444
1924,Summer,Swimming,6,0.37741046831955927,1.2971174724482664,0.5757575757575758,33,0.6225895316804407
1924,Summer,Tennis,5,0.28,1.4019454593787288,0.4,15,0.72
1924,Summer,Water Polo,3,0.3333333333333333,1.0986122886681096,0.3333333333333333,3,0.6666666666666667
1924,Summer,Weightlifting,6,0.19111111111111112,1.7140875411870102,0.26666666666666666,15,0.8088888888888889
1924,Summer,Wrestling,10,0.22682445759368838,1.8308197974092704,0.41025641025641024,39,0.7731755424063116
1928,Summer,Art Competitions,11,0.14387633769322233,2.1541714447533082,0.27586206896551724,29,0.8561236623067776
1928,Summer,Athletics,16,0.1617131534827008,2.170005406543239,0.30864197530864196,81,0.8382868465172992
1928,Summer,Boxing,14,0.10069444444444443,2.4631046437978106,0.16666666666666666,24,0.8993055555555556
1928,Summer,Cycling,8,0.1728395061728395,1.8891591637540215,0.2222222222222222,18,0.8271604938271605
1928,Summer,Diving,3,0.5972222222222222,0.7214636866925116,0.75,12,0.4027777777777778
1928,Summer,Equestrianism,9,0.14197530864197533,2.0620695413001644,0.2222222222222222,18,0.8580246913580247
1928,Summer,Fencing,9,0.1655328798185941,1.9642342064686773,0.23809523809523808,21,0.8344671201814059
1928,Summer,Football,3,0.3333333333333333,1.0986122886681096,0.3333333333333333,3,0.6666666666666667
1928,Summer,Gymnastics,7,0.23958333333333337,1.625733218619326,0.375,24,0.7604166666666666
1928,Summer,Hockey,3,0.3333333333333333,1.0986122886681096,0.3333333333333333,3,0.6666666666666667
1928,Summer,Modern Pentathlon,2,0.5555555555555556,0.6365141682948128,0.6666666666666666,3,0.4444444444444444
1928,Summer,Rowing,11,0.13378684807256233,2.199224814389626,0.23809523809523808,21,0.8662131519274376
1928,Summer,Sailing,7,0.16049382716049382,1.8891591637540215,0.2222222222222222,9,0.8395061728395061
1928,Summer,Swimming,12,0.16253443526170797,2.1455340837236196,0.3333333333333333,33,0.837465564738292
1928,Summer,Water Polo,3,0.3333333333333333,1.0986122886681096,0.3333333333333333,3,0.6666666666666667
1928,Summer,Weightlifting,8,0.1466666666666667,1.9913464134109882,0.2,15,0.8533333333333333
1928,Summer,Wrestling,14,0.10848126232741617,2.4274691683767724,0.23076923076923078,39,0.8915187376725838
1932,Summer,Alpinism,1,1.0,-0.0,1.0,1,0.0
1932,Summer,Art Competitions,12,0.14555765595463138,2.2191424336356196,0.30434782608695654,23,0.8544423440453686
1932,Summer,Athletics,16,0.20623596247853088,2.065966523457402,0.40229885057471265,87,0.7937640375214692
1932,Summer,Boxing,12,0.11458333333333334,2.315250126913643,0.20833333333333334,24,0.8854166666666666
1932,Summer,Cycling,7,0.17901234567901236,1.827174843944519,0.2777777777777778,18,0.8209876543209876
1932,Summer,Diving,1,1.0,-0.0,1.0,12,0.0
1932,Summer,Equestrianism,5,0.24489795918367346,1.4944032113796117,0.35714285714285715,14,0.7551020408163265
1932,Summer,Fencing,7,0.22902494331065756,1.6744089372507132,0.38095238095238093,21,0.7709750566893424
1932,Summer,Gymnastics,5,0.3186409550045914,1.327563391591518,0.48484848484848486,33,0.6813590449954086
1932,Summer,Hockey,3,0.3333333333333333,1.0986122886681096,0.3333333333333333,3,0.6666666666666667
1932,Summer,Modern Pentathlon,2,0.5555555555555556,0.6365141682948128,0.6666666666666666,3,0.4444444444444444
1932,Summer,Rowing,10,0.12471655328798184,2.1776044965456927,0.19047619047619047,21,0.8752834467120182
1932,Summer,Sailing,7,0.17355371900826444,1.8462202193216335,0.2727272727272727,11,0.8264462809917356
1932,Summer,Shooting,5,0.2222222222222222,1.5607104090414063,0.3333333333333333,6,0.7777777777777778
1932,Summer,Swimming,10,0.23966942148760328,1.7691253247769005,0.36363636363636365,33,0.7603305785123967
1932,Summer,Water Polo,3,0.3333333333333333,1.0986122886681096,0.3333333333333333,3,0.6666666666666667
1932,Summer,Weightlifting,7,0.15555555555555559,1.8989267893363289,0.2,15,0.8444444444444444
1932,Summer,Wrestling,12,0.13718820861678002,2.193208825360681,0.23809523809523808,42,0.86281179138322
1936,Summer,Aeronautics,1,1.0,-0.0,1.0,1,0.0
1936,Summer,Alpinism,1,1.0,-0.0,1.0,1,0.0
1936,Summer,Art Competitions,11,0.19921875,1.9628178393237803,0.375,32,0.80078125
1936,Summer,Athletics,16,0.1510107015457788,2.227256385445957,0.28735632183908044,87,0.8489892984542212
1936,Summer,Basketball,3,0.3333333333333333,1.0986122886681096,0.3333333333333333,3,0.6666666666666667
1936,Summer,Boxing,13,0.1111111111111111,2.3806561448842114,0.20833333333333334,24,0.8888888888888888
1936,Summer,Canoeing,8,0.17969821673525377,1.8692980865262823,0.25925925925925924,27,0.8203017832647462
1936,Summer,Cycling,7,0.22839506172839513,1.690408472534179,0.3888888888888889,18,0.7716049382716048
1936,Summer,Diving,2,0.7222222222222223,0.45056120886630463,0.8333333333333334,12,0.2777777777777777
1936,Summer,Equestrianism,12,0.18518518518518523,2.1336289221524316,0.3888888888888889,18,0.8148148148148148
1936,Summer,Fencing,6,0.26530612244897955,1.5249094676036992,0.42857142857142855,21,0.7346938775510204
1936,Summer,Football,3,0.3333333333333333,1.0986122886681096,0.3333333333333333,3,0.6666666666666667
1936,Summer,Gymnastics,6,0.33163265306122447,1.336063382844285,0.4642857142857143,28,0.6683673469387755
1936,Summer,Handball,3,0.3333333333333333,1.0986122886681096,0.3333333333333333,3,0.6666666666666667
1936,Summer,Hockey,3,0.3333333333333333,1.0986122886681096,0.3333333333333333,3,0.6666666666666667
1936,Summer,Modern Pentathlon,3,0.3333333333333333,1.0986122886681096,0.3333333333333333,3,0.6666666666666667
1936,Summer,Polo,3,0.3333333333333333,1.0986122886681096,0.3333333333333333,3,0.6666666666666667
1936,Summer,Rowing,10,0.16553287981859408,2.0658156353907255,0.3333333333333333,21,0.8344671201814059
1936,Summer,Sailing,6,0.18055555555555558,1.7481554572476758,0.25,12,0.8194444444444444
1936,Summer,Shooting,6,0.20987654320987653,1.6769877743224173,0.3333333333333333,9,0.7901234567901234
1936,Summer,Swimming,7,0.2157943067033976,1.6971943474328257,0.3333333333333333,33,0.7842056932966024
1936,Summer,Water Polo,3,0.3333333333333333,1.0986122886681096,0.3333333333333333,3,0.6666666666666667
1936,Summer,Weightlifting,7,0.24444444444444444,1.6350915928128098,0.3333333333333333,15,0.7555555555555555
1936,Summer,Wrestling,11,0.13265306122448978,2.164881946184537,0.21428571428571427,42,0.8673469387755102
1948,Summer,Art Competitions,13,0.095703125,2.4366338217595214,0.125,32,0.904296875
1948,Summer,Athletics,22,0.11886542189572494,2.571459038381234,0.2727272727272727,99,0.8811345781042751
1948,Summer,Basketball,3,0.3333333333333333,1.0986122886681096,0.3333333333333333,3,0.6666666666666667
1948,Summer,Boxing,13,0.11458333333333331,2.3588541388940216,0.20833333333333334,24,0.8854166666666667
1948,Summer,Canoeing,10,0.11659807956104251,2.210813471423164,0.14814814814814814,27,0.8834019204389575
1948,Summer,Cycling,6,0.2160493827160494,1.630035488098961,0.2777777777777778,18,0.7839506172839505
1948,Summer,Diving,3,0.7083333333333334,0.5660857389596289,0.8333333333333334,12,0.29166666666666663
1948,Summer,Equestrianism,8,0.16666666666666666,1.9080368345090655,0.2222222222222222,18,0.8333333333333334
1948,Summer,Fencing,9,0.18820861678004533,1.8853355890558805,0.2857142857142857,21,0.8117913832199547
1948,Summer,Football,3,0.3333333333333333,1.0986122886681096,0.3333333333333333,3,0.6666666666666667
1948,Summer,Gymnastics,5,0.2514792899408284,1.4556568582704268,0.3076923076923077,26,0.7485207100591715
1948,Summer,Hockey,3,0.3333333333333333,1.0986122886681096,0.3333333333333333,3,0.6666666666666667
1948,Summer,Modern Pentathlon,2,0.5555555555555556,0.6365141682948128,0.6666666666666666,3,0.4444444444444444
1948,Summer,Rowing,9,0.13832199546485258,2.070493040427825,0.19047619047619047,21,0.8616780045351474
1948,Summer,Sailing,9,0.14666666666666667,2.061112832579594,0.26666666666666666,15,0.8533333333333333
1948,Summer,Shooting,8,0.1527777777777778,1.9792045174343245,0.25,12,0.8472222222222222
1948,Summer,Swimming,7,0.26354453627180896,1.619585847009024,0.45454545454545453,33,0.736455463728191
1948,Summer,Water Polo,3,0.3333333333333333,1.0986122886681096,0.3333333333333333,3,0.6666666666666667
1948,Summer,Weightlifting,8,0.25308641975308643,1.7060571156426698,0.4444444444444444,18,0.7469135802469136
1948,Summer,Wrestling,12,0.15624999999999997,2.1322084305538502,0.2708333333333333,48,0.84375
1952,Summer,Athletics,20,0.14947454341393737,2.3808268512840924,0.31313131313131315,99,0.8505254565860626
1952,Summer,Basketball,3,0.3333333333333333,1.0986122886681096,0.3333333333333333,3,0.6666666666666667
1952,Summer,Boxing,17,0.08625000000000001,2.623443902719119,0.15,40,0.91375
1952,Summer,Canoeing,11,0.12482853223593963,2.22339858525986,0.2222222222222222,27,0.8751714677640604
1952,Summer,Cycling,7,0.17901234567901236,1.81698317337931,0.2777777777777778,18,0.8209876543209876
1952,Summer,Diving,4,0.5833333333333334,0.8369882167858358,0.75,12,0.41666666666666663
1952,Summer,Equestrianism,8,0.16049382716049382,1.9371061758293182,0.2222222222222222,18,0.8395061728395061
1952,Summer,Fencing,6,0.2607709750566893,1.5174643245838402,0.38095238095238093,21,0.7392290249433107
1952,Summer,Football,3,0.3333333333333333,1.0986122886681096,0.3333333333333333,3,0.6666666666666667
1952,Summer,Gymnastics,9,0.28197530864197534,1.6094623609671646,0.4666666666666667,45,0.7180246913580246
1952,Summer,Hockey,3,0.3333333333333333,1.0986122886681096,0.3333333333333333,3,0.6666666666666667
1952,Summer,Modern Pentathlon,3,0.3888888888888889,1.0114042647073518,0.5,6,0.6111111111111112
1952,Summer,Rowing,14,0.08843537414965985,2.5325911608011213,0.14285714285714285,21,0.9115646258503401
1952,Summer,Sailing,9,0.1466666666666667,2.0488828279013442,0.2,15,0.8533333333333333
1952,Summer,Shooting,10,0.1201814058956916,2.202521074820195,0.19047619047619047,21,0.8798185941043084
1952,Summer,Swimming,12,0.15335169880624427,2.1428652221166007,0.2727272727272727,33,0.8466483011937558
1952,Summer,Water Polo,3,0.3333333333333333,1.0986122886681096,0.3333333333333333,3,0.6666666666666667
1952,Summer,Weightlifting,8,0.21995464852607707,1.75192641005698,0.3333333333333333,21,0.780045351473923
1952,Summer,Wrestling,14,0.11371527777777779,2.375392154483884,0.20833333333333334,48,0.8862847222222222
1956,Summer,Athletics,19,0.17259999999999998,2.182483025862879,0.31,100,0.8274
1956,Summer,Basketball,3,0.3333333333333333,1.0986122886681096,0.3333333333333333,3,0.6666666666666667
1956,Summer,Boxing,16,0.08500000000000002,2.6035982840112846,0.15,40,0.915
1956,Summer,Canoeing,9,0.17969821673525374,1.9080572082866192,0.25925925925925924,27,0.8203017832647462
1956,Summer,Cycling,7,0.18518518518518517,1.798105502624266,0.2777777777777778,18,0.8148148148148149
1956,Summer,Diving,3,0.5972222222222222,0.7214636866925116,0.75,12,0.4027777777777778
1956,Summer,Equestrianism,7,0.20370370370370372,1.743812457152758,0.3333333333333333,18,0.7962962962962963
1956,Summer,Fencing,7,0.2063492063492063,1.7357455494097993,0.3333333333333333,21,0.7936507936507937
1956,Summer,Football,3,0.3333333333333333,1.0986122886681096,0.3333333333333333,3,0.6666666666666667
1956,Summer,Gymnastics,9,0.2934027777777778,1.5754741268889778,0.4791666666666667,48,0.7065972222222222
1956,Summer,Hockey,3,0.3333333333333333,1.0986122886681096,0.3333333333333333,3,0.6666666666666667
1956,Summer,Modern Pentathlon,4,0.33333333333333337,1.242453324894,0.5,6,0.6666666666666666
1956,Summer,Rowing,10,0.16099773242630383,2.0455764621533223,0.2857142857142857,21,0.8390022675736961
1956,Summer,Sailing,9,0.12888888888888891,2.1186492470699507,0.2,15,0.8711111111111111
1956,Summer,Shooting,9,0.19727891156462585,1.9222841453882733,0.38095238095238093,21,0.8027210884353742
1956,Summer,Swimming,8,0.23602892833662062,1.6913560660771911,0.358974358974359,39,0.7639710716633794
1956,Summer,Water Polo,3,0.3333333333333333,1.0986122886681096,0.3333333333333333,3,0.6666666666666667
1956,Summer,Weightlifting,8,0.24263038548752833,1.6812349878236956,0.3333333333333333,21,0.7573696145124716
1956,Summer,Wrestling,13,0.1328125,2.2753438772064447,0.2708333333333333,48,0.8671875
1960,Summer,Athletics,20,0.14052287581699344,2.352048329652619,0.2549019607843137,102,0.8594771241830066
1960,Summer,Basketball,3,0.3333333333333333,1.0986122886681096,0.3333333333333333,3,0.6666666666666667
1960,Summer,Boxing,16,0.105,2.4816337280442253,0.175,40,0.895
1960,Summer,Canoeing,8,0.17006802721088432,1.9135484277609516,0.2857142857142857,21,0.8299319727891157
1960,Summer,Cycling,4,0.29012345679012347,1.3014810683874343,0.3888888888888889,18,0.7098765432098766
1960,Summer,Diving,5,0.3194444444444444,1.3579778549873245,0.5,12,0.6805555555555556
1960,Summer,Equestrianism,8,0.15555555555555559,1.9564632038266851,0.2,15,0.8444444444444444
1960,Summer,Fencing,8,0.19444444444444445,1.8159832459531595,0.2916666666666667,24,0.8055555555555556
1960,Summer,Football,3,0.3333333333333333,1.0986122886681096,0.3333333333333333,3,0.6666666666666667
1960,Summer,Gymnastics,7,0.4180638182801514,1.2224172689096386,0.6046511627906976,43,0.5819361817198486
1960,Summer,Hockey,3,0.3333333333333333,1.0986122886681096,0.3333333333333333,3,0.6666666666666667
1960,Summer,Modern Pentathlon,3,0.3888888888888889,1.0114042647073518,0.5,6,0.6111111111111112
1960,Summer,Rowing,11,0.13378684807256233,2.199224814389626,0.23809523809523808,21,0.8662131519274376
1960,Summer,Sailing,11,0.11111111111111113,2.3034884952192693,0.2,15,0.8888888888888888
1960,Summer,Shooting,10,0.1975308641975309,1.979596215361333,0.3888888888888889,18,0.8024691358024691
1960,Summer,Swimming,8,0.2246913580246913,1.7144594808327231,0.3333333333333333,45,0.7753086419753087
1960,Summer,Water Polo,3,0.3333333333333333,1.0986122886681096,0.3333333333333333,3,0.6666666666666667
1960,Summer,Weightlifting,10,0.18820861678004536,1.9546458666826347,0.2857142857142857,21,0.8117913832199546
1960,Summer,Wrestling,16,0.11805555555555557,2.405150774554824,0.20833333333333334,48,0.8819444444444444
1964,Summer,Athletics,22,0.11299725651577502,2.5362237316415115,0.2222222222222222,108,0.8870027434842249
1964,Summer,Basketball,3,0.3333333333333333,1.0986122886681096,0.3333333333333333,3,0.6666666666666667
1964,Summer,Boxing,17,0.12000000000000002,2.4317645513122472,0.225,40,0.88
1964,Summer,Canoeing,9,0.15646258503401356,2.0011827628010703,0.23809523809523808,21,0.8435374149659864
1964,Summer,Cycling,9,0.19727891156462582,1.9222841453882735,0.38095238095238093,21,0.8027210884353742
1964,Summer,Diving,4,0.4861111111111111,0.9830877585747855,0.6666666666666666,12,0.5138888888888888
1964,Summer,Equestrianism,8,0.18518518518518517,1.878967493188813,0.3333333333333333,18,0.8148148148148149
1964,Summer,Fencing,7,0.1736111111111111,1.8313500005501564,0.25,24,0.8263888888888888
1964,Summer,Football,3,0.3333333333333333,1.0986122886681096,0.3333333333333333,3,0.6666666666666667
1964,Summer,Gymnastics,8,0.2619047619047619,1.6411829524282495,0.42857142857142855,42,0.7380952380952381
1964,Summer,Hockey,3,0.3333333333333333,1.0986122886681096,0.3333333333333333,3,0.6666666666666667
1964,Summer,Judo,9,0.15306122448979592,2.044931174849591,0.2857142857142857,14,0.846938775510204
1964,Summer,Modern Pentathlon,3,0.3888888888888889,1.0114042647073516,0.5,6,0.6111111111111112
1964,Summer,Rowing,11,0.12471655328798184,2.2274376530946975,0.19047619047619047,21,0.8752834467120182
1964,Summer,Sailing,8,0.18222222222222223,1.8943120247335319,0.3333333333333333,15,0.8177777777777777
1964,Summer,Shooting,9,0.20370370370370372,1.9025798619657834,0.3888888888888889,18,0.7962962962962963
1964,Summer,Swimming,8,0.33813443072702337,1.4516105022774974,0.5370370370370371,54,0.6618655692729767
1964,Summer,Volleyball,4,0.2777777777777778,1.3296613488547582,0.3333333333333333,6,0.7222222222222222
1964,Summer,Water Polo,3,0.3333333333333333,1.0986122886681096,0.3333333333333333,3,0.6666666666666667
1964,Summer,Weightlifting,7,0.20181405895691606,1.7519264100569796,0.3333333333333333,21,0.7981859410430839
1964,Summer,Wrestling,13,0.12152777777777778,2.2972699973854067,0.20833333333333334,48,0.8784722222222222
1968,Summer,Athletics,24,0.09231389411448536,2.799050420146107,0.25925925925925924,122,0.9076861058855147
1968,Summer,Basketball,3,0.3333333333333333,1.0986122886681096,0.3333333333333333,3,0.6666666666666667
1968,Summer,Boxing,20,0.07561436672967864,2.8526464688585507,0.1590909090909091,46,0.9243856332703213
1968,Summer,Canoeing,7,0.17708333333333331,1.870194487483377,0.2857142857142857,24,0.8229166666666667
1968,Summer,Cycling,9,0.1446280991735537,2.095127309114252,0.23809523809523808,22,0.8553719008264463
1968,Summer,Diving,5,0.3194444444444444,1.3579778549873245,0.5,12,0.6805555555555556
1968,Summer,Equestrianism,8,0.14049586776859505,2.059044366009098,0.2222222222222222,22,0.859504132231405
1968,Summer,Fencing,7,0.20833333333333337,1.7323262455088462,0.2916666666666667,24,0.7916666666666666
1968,Summer,Football,3,0.3333333333333333,1.0986122886681096,0.3333333333333333,3,0.6666666666666667
1968,Summer,Gymnastics,6,0.25425330812854446,1.574587415099651,0.42857142857142855,46,0.7457466918714555
1968,Summer,Hockey,3,0.3333333333333333,1.0986122886681096,0.3333333333333333,3,0.6666666666666667
1968,Summer,Modern Pentathlon,4,0.2777777777777778,1.3296613488547582,0.3333333333333333,6,0.7222222222222222
1968,Summer,Rowing,11,0.08284023668639054,2.5578935855317777,0.14285714285714285,26,0.9171597633136095
1968,Summer,Sailing,11,0.07958477508650519,2.588573162682118,0.13333333333333333,17,0.9204152249134948
1968,Summer,Shooting,11,0.10059171597633136,2.4616623502359714,0.23809523809523808,26,0.8994082840236687
1968,Summer,Swimming,10,0.32565096952908595,1.6978010331499367,0.5977011494252874,95,0.6743490304709141
1968,Summer,Volleyball,4,0.2777777777777778,1.3296613488547582,0.3333333333333333,6,0.7222222222222222
1968,Summer,Water Polo,3,0.3333333333333333,1.0986122886681096,0.3333333333333333,3,0.6666666666666667
1968,Summer,Weightlifting,8,0.18367346938775508,1.860419010781378,0.2857142857142857,21,0.8163265306122449
1968,Summer,Wrestling,14,0.0857362552864283,2.638514716599388,0.1875,51,0.9142637447135717
1972,Summer,Archery,5,0.2222222222222222,1.5607104090414063,0.3333333333333333,6,0.7777777777777778
1972,Summer,Athletics,23,0.0926040428061831,2.697265958487244,0.19298245614035087,145,0.9073959571938169
1972,Summer,Basketball,3,0.3333333333333333,1.0986122886681096,0.3333333333333333,3,0.6666666666666667
1972,Summer,Boxing,21,0.05749207786328655,3.007761180553948,0.11363636363636363,47,0.9425079221367134
1972,Summer,Canoeing,12,0.10227272727272724,2.433362259840872,0.18181818181818182,44,0.8977272727272727
1972,Summer,Cycling,10,0.09374999999999999,2.4554608908739044,0.15789473684210525,24,0.90625
1972,Summer,Diving,6,0.16326530612244897,1.8711604142318063,0.25,14,0.8367346938775511
1972,Summer,Equestrianism,6,0.1606805293005671,1.885299500946812,0.2777777777777778,23,0.8393194706994329
1972,Summer,Fencing,7,0.22916666666666669,1.6644984568033625,0.3333333333333333,24,0.7708333333333333
1972,Summer,Football,4,0.20000000000000004,1.6094379124341005,0.25,5,0.7999999999999999
1972,Summer,Gymnastics,4,0.2595155709342561,1.4166710934356013,0.38095238095238093,51,0.740484429065744
1972,Summer,Handball,3,0.3333333333333333,1.0986122886681096,0.3333333333333333,3,0.6666666666666667
1972,Summer,Hockey,3,0.25,1.3862943611198906,0.3333333333333333,4,0.75
1972,Summer,Judo,10,0.10059171597633135,2.418061472470426,0.17391304347826086,26,0.8994082840236687
1972,Summer,Modern Pentathlon,3,0.3888888888888889,1.0114042647073518,0.5,6,0.6111111111111112
1972,Summer,Rowing,10,0.1377777777777778,2.2620569185830273,0.3333333333333333,30,0.8622222222222222
1972,Summer,Sailing,9,0.0929705215419501,2.4254797046832532,0.16666666666666666,21,0.9070294784580499
1972,Summer,Shooting,14,0.08093278463648834,2.679706038839933,0.16666666666666666,27,0.9190672153635117
1972,Summer,Swimming,10,0.22159999999999996,2.0025299344725145,0.4942528735632184,100,0.7784
1972,Summer,Volleyball,4,0.22448979591836732,1.5498260458782016,0.3333333333333333,7,0.7755102040816326
1972,Summer,Water Polo,3,0.3333333333333333,1.0986122886681096,0.3333333333333333,3,0.6666666666666667
1972,Summer,Weightlifting,10,0.1222222222222222,2.3040853307303735,0.2222222222222222,30,0.8777777777777778
1972,Summer,Wrestling,18,0.09800957420005038,2.6641744606393187,0.23333333333333334,63,0.9019904257999496
1976,Summer,Archery,4,0.2777777777777778,1.3296613488547582,0.3333333333333333,6,0.7222222222222222
1976,Summer,Athletics,22,0.11675690684437039,2.5002511876108606,0.24324324324324326,147,0.8832430931556297
1976,Summer,Basketball,4,0.2777777777777778,1.3296613488547582,0.3333333333333333,6,0.7222222222222222
1976,Summer,Boxing,15,0.09642372114078768,2.5747508036714,0.18181818181818182,47,0.9035762788592123
1976,Summer,Canoeing,8,0.16625,1.924260268567974,0.2727272727272727,40,0.83375
1976,Summer,Cycling,11,0.08506616257088849,2.5475313664679273,0.16666666666666666,23,0.9149338374291115
1976,Summer,Diving,5,0.242603550295858,1.5857708352080966,0.4166666666666667,13,0.757396449704142
1976,Summer,Equestrianism,7,0.2,1.7964554947284517,0.3888888888888889,25,0.8
1976,Summer,Fencing,8,0.15051020408163263,2.016183899145399,0.2916666666666667,28,0.8494897959183674
1976,Summer,Football,3,0.25,1.3862943611198906,0.3333333333333333,4,0.75
1976,Summer,Gymnastics,7,0.2053311120366514,1.8448272498980995,0.38636363636363635,49,0.7946688879633486
1976,Summer,Handball,5,0.18367346938775508,1.7478680974667573,0.3333333333333333,7,0.8163265306122449
1976,Summer,Hockey,3,0.3333333333333333,1.0986122886681096,0.3333333333333333,3,0.6666666666666667
1976,Summer,Judo,13,0.11680000000000003,2.3878154108095915,0.20833333333333334,25,0.8832
1976,Summer,Modern Pentathlon,5,0.2222222222222222,1.5607104090414063,0.3333333333333333,6,0.7777777777777778
1976,Summer,Rowing,10,0.14944444444444446,2.1691855933957562,0.3333333333333333,60,0.8505555555555555
1976,Summer,Sailing,9,0.09640831758034027,2.4042341114242607,0.16666666666666666,23,0.9035916824196597
1976,Summer,Shooting,9,0.1020408163265306,2.3662655432031956,0.19047619047619047,28,0.8979591836734694
1976,Summer,Swimming,7,0.208652178349148,1.8107742690830457,0.4358974358974359,99,0.791347821650852
1976,Summer,Volleyball,5,0.2222222222222222,1.5607104090414063,0.3333333333333333,6,0.7777777777777778
1976,Summer,Water Polo,3,0.3333333333333333,1.0986122886681096,0.3333333333333333,3,0.6666666666666667
1976,Summer,Weightlifting,9,0.15333333333333338,2.066324432693496,0.2962962962962963,30,0.8466666666666667
1976,Summer,Wrestling,14,0.12744140625,2.4260763563992542,0.3,64,0.87255859375
1980,Summer,Archery,3,0.3888888888888889,1.0114042647073518,0.5,6,0.6111111111111112
1980,Summer,Athletics,17,0.21114188981224993,2.015827747369494,0.35964912280701755,114,0.7888581101877501
1980,Summer,Basketball,4,0.2777777777777778,1.3296613488547582,0.3333333333333333,6,0.7222222222222222
1980,Summer,Boxing,16,0.12706611570247933,2.3610529810937693,0.22727272727272727,44,0.8729338842975207
1980,Summer,Canoeing,8,0.17722681359044995,1.8587022578803412,0.24242424242424243,33,0.82277318640955
1980,Summer,Cycling,8,0.19753086419753085,1.8310204811135162,0.3333333333333333,18,0.8024691358024691
1980,Summer,Diving,4,0.375,1.1269287948006759,0.5,12,0.625
1980,Summer,Equestrianism,7,0.25925925925925924,1.6290407622471204,0.4444444444444444,18,0.7407407407407407
1980,Summer,Fencing,6,0.2361111111111111,1.5643406813070353,0.3333333333333333,24,0.7638888888888888
1980,Summer,Football,3,0.3333333333333333,1.0986122886681096,0.3333333333333333,3,0.6666666666666667
1980,Summer,Gymnastics,6,0.32740740740740737,1.3450237844304975,0.4888888888888889,45,0.6725925925925926
1980,Summer,Handball,4,0.2777777777777778,1.3296613488547582,0.3333333333333333,6,0.7222222222222222
1980,Summer,Hockey,5,0.2222222222222222,1.5607104090414063,0.3333333333333333,6,0.7777777777777778
1980,Summer,Judo,15,0.095703125,2.513218062821462,0.15625,32,0.904296875
1980,Summer,Modern Pentathlon,3,0.3888888888888889,1.0114042647073518,0.5,6,0.6111111111111112
1980,Summer,Rowing,9,0.21768707482993196,1.793023848978663,0.3333333333333333,42,0.782312925170068
1980,Summer,Sailing,12,0.09876543209876543,2.399204296202615,0.16666666666666666,18,0.9012345679012346
1980,Summer,Shooting,10,0.17006802721088432,2.017363623448251,0.2857142857142857,21,0.8299319727891157
1980,Summer,Swimming,11,0.24720578566732415,1.7246603262286255,0.38461538461538464,78,0.7527942143326758
1980,Summer,Volleyball,4,0.2777777777777778,1.3296613488547582,0.3333333333333333,6,0.7222222222222222
1980,Summer,Water Polo,3,0.3333333333333333,1.0986122886681096,0.3333333333333333,3,0.6666666666666667
1980,Summer,Weightlifting,8,0.18,1.8876001868833021,0.26666666666666666,30,0.8200000000000001
1980,Summer,Wrestling,15,0.1466666666666666,2.245846743626275,0.2833333333333333,60,0.8533333333333334
1984,Summer,Archery,4,0.2777777777777778,1.3296613488547582,0.3333333333333333,6,0.7222222222222222
1984,Summer,Athletics,24,0.14368,2.4816738557191433,0.32,125,0.85632
1984,Summer,Basketball,5,0.2222222222222222,1.5607104090414063,0.3333333333333333,6,0.7777777777777778
1984,Summer,Boxing,23,0.09114583333333333,2.7856579654095506,0.22916666666666666,48,0.9088541666666666
1984,Summer,Canoeing,12,0.11265432098765432,2.302557436864335,0.16666666666666666,36,0.8873456790123457
1984,Summer,Cycling,11,0.2048611111111111,1.9610327837097636,0.375,24,0.7951388888888888
1984,Summer,Diving,3,0.5138888888888888,0.8239592165010823,0.6666666666666666,12,0.48611111111111116
1984,Summer,Equestrianism,7,0.19135802469135804,1.7690361613040135,0.2777777777777778,18,0.808641975308642
1984,Summer,Fencing,7,0.22569444444444445,1.6498777465952466,0.2916666666666667,24,0.7743055555555556
1984,Summer,Football,3,0.3333333333333333,1.0986122886681096,0.3333333333333333,3,0.6666666666666667
1984,Summer,Gymnastics,5,0.2655489453758788,1.4124752102646216,0.37209302325581395,43,0.7344510546241212
1984,Summer,Handball,5,0.2222222222222222,1.5607104090414063,0.3333333333333333,6,0.7777777777777778
1984,Summer,Hockey,5,0.22222222222222227,1.5607104090414063,0.3333333333333333,6,0.7777777777777777
1984,Summer,Judo,13,0.099609375,2.4208418505585394,0.15625,32,0.900390625
1984,Summer,Modern Pentathlon,4,0.33333333333333337,1.242453324894,0.5,6,0.6666666666666666
1984,Summer,Rhythmic Gymnastics,3,0.3333333333333333,1.0986122886681096,0.3333333333333333,3,0.6666666666666667
1984,Summer,Rowing,15,0.11564625850340134,2.400563126408751,0.19047619047619047,42,0.8843537414965986
1984,Summer,Sailing,11,0.17006802721088432,2.0819964960379065,0.3333333333333333,21,0.8299319727891157
1984,Summer,Shooting,17,0.10376492194674014,2.5350402189713157,0.18181818181818182,33,0.8962350780532599
1984,Summer,Swimming,13,0.20659816116819904,1.9406651642029151,0.38372093023255816,86,0.7934018388318009
1984,Summer,Synchronized Swimming,3,0.3333333333333333,1.0986122886681096,0.3333333333333333,6,0.6666666666666667
1984,Summer,Volleyball,5,0.2222222222222222,1.5607104090414063,0.3333333333333333,6,0.7777777777777778
1984,Summer,Water Polo,3,0.3333333333333333,1.0986122886681096,0.3333333333333333,3,0.6666666666666667
1984,Summer,Weightlifting,11,0.14888888888888893,2.1299758495229772,0.26666666666666666,30,0.851111111111111
1984,Summer,Wrestling,16,0.11333333333333333,2.4202125595107677,0.21666666666666667,60,0.8866666666666667
1988,Summer,Archery,5,0.3333333333333333,1.3143738430069454,0.5,12,0.6666666666666667
1988,Summer,Athletics,22,0.12081397211985258,2.484819439068365,0.2125984251968504,158,0.8791860278801474
1988,Summer,Basketball,3,0.3333333333333333,1.0986122886681096,0.3333333333333333,6,0.6666666666666667
1988,Summer,Boxing,24,0.06213017751479291,3.041292596499696,0.16666666666666666,52,0.9378698224852071
1988,Summer,Canoeing,10,0.1318518518518519,2.178724074918791,0.25,45,0.8681481481481481
1988,Summer,Cycling,8,0.12929145361577796,2.174585172950105,0.25925925925925924,37,0.870708546384222
1988,Summer,Diving,3,0.4305555555555556,0.9184277849930975,0.5,12,0.5694444444444444
1988,Summer,Equestrianism,7,0.15311909262759923,1.9683230881157003,0.2777777777777778,23,0.8468809073724007
1988,Summer,Fencing,6,0.15625,1.983648939504942,0.2916666666666667,32,0.84375
1988,Summer,Football,3,0.25,1.3862943611198906,0.3333333333333333,4,0.75
1988,Summer,Gymnastics,9,0.2026627218934911,1.8506348611123122,0.4090909090909091,52,0.7973372781065089
1988,Summer,Handball,4,0.2777777777777778,1.3296613488547582,0.3333333333333333,6,0.7222222222222222
1988,Summer,Hockey,5,0.18367346938775508,1.7478680974667573,0.3333333333333333,7,0.8163265306122449
1988,Summer,Judo,12,0.08539944903581267,2.574951518731253,0.17857142857142858,33,0.9146005509641874
1988,Summer,Modern Pentathlon,4,0.2777777777777778,1.3296613488547582,0.3333333333333333,6,0.7222222222222222
1988,Summer,Rhythmic Gymnastics,2,0.5555555555555556,0.6365141682948128,0.6666666666666666,3,0.4444444444444444
1988,Summer,Rowing,13,0.10545454545454544,2.487206327366039,0.23809523809523808,55,0.8945454545454545
1988,Summer,Sailing,14,0.09440000000000001,2.543347669962025,0.20833333333333334,25,0.9056
1988,Summer,Shooting,18,0.09607438016528926,2.7394528355856638,0.28205128205128205,44,0.9039256198347108
1988,Summer,Swimming,21,0.13408,2.4545116457637617,0.2978723404255319,125,0.86592
1988,Summer,Synchronized Swimming,3,0.3333333333333333,1.0986122886681096,0.3333333333333333,6,0.6666666666666667
1988,Summer,Table Tennis,4,0.3194444444444444,1.2366848691405041,0.4166666666666667,12,0.6805555555555556
1988,Summer,Tennis,8,0.154320987654321,2.029154562810915,0.3125,18,0.845679012345679
1988,Summer,Volleyball,5,0.2222222222222222,1.5607104090414063,0.3333333333333333,6,0.7777777777777778
1988,Summer,Water Polo,3,0.3333333333333333,1.0986122886681096,0.3333333333333333,3,0.6666666666666667
1988,Summer,Weightlifting,9,0.11728395061728396,2.3006346182798363,0.26666666666666666,36,0.8827160493827161
1988,Summer,Wrestling,18,0.11758584807492195,2.523981701269449,0.25,62,0.8824141519250781
1992,Summer,Archery,7,0.19444444444444442,1.791759469228055,0.3333333333333333,12,0.8055555555555556
1992,Summer,Athletics,35,0.09912009789639298,2.8680563281059013,0.22900763358778625,131,0.900879902103607
1992,Summer,Badminton,5,0.2622222222222222,1.432213904360235,0.3333333333333333,15,0.7377777777777779
1992,Summer,Baseball,3,0.3333333333333333,1.0986122886681096,0.3333333333333333,3,0.6666666666666667
1992,Summer,Basketball,5,0.2222222222222222,1.5607104090414063,0.3333333333333333,6,0.7777777777777778
1992,Summer,Boxing,25,0.06944444444444445,2.9753212762938634,0.1875,48,0.9305555555555556
1992,Summer,Canoeing,16,0.1032986111111111,2.5233480101759915,0.22916666666666666,48,0.8967013888888888
1992,Summer,Cycling,14,0.11333333333333334,2.387485734653405,0.2,30,0.8866666666666667
1992,Summer,Diving,4,0.3055555555555556,1.2650013752730702,0.4166666666666667,12,0.6944444444444444
1992,Summer,Equestrianism,7,0.2222222222222222,1.7194778138544318,0.3888888888888889,18,0.7777777777777778
1992,Summer,Fencing,9,0.14583333333333334,2.037712826869867,0.20833333333333334,24,0.8541666666666666
1992,Summer,Football,3,0.3333333333333333,1.0986122886681096,0.3333333333333333,3,0.6666666666666667
1992,Summer,Gymnastics,9,0.2141240380262562,1.8195531666837386,0.3829787234042553,47,0.7858759619737438
1992,Summer,Handball,5,0.22222222222222227,1.5607104090414063,0.3333333333333333,6,0.7777777777777777
1992,Summer,Hockey,5,0.2222222222222222,1.5607104090414063,0.3333333333333333,6,0.7777777777777778
1992,Summer,Judo,19,0.08609693877551021,2.673277840308358,0.17857142857142858,56,0.9139030612244898
1992,Summer,Modern Pentathlon,4,0.2777777777777778,1.3296613488547582,0.3333333333333333,6,0.7222222222222222
1992,Summer,Rhythmic Gymnastics,2,0.5555555555555556,0.6365141682948128,0.6666666666666666,3,0.4444444444444444
1992,Summer,Rowing,16,0.11904761904761904,2.43000961335237,0.23809523809523808,42,0.8809523809523809
1992,Summer,Sailing,12,0.15555555555555556,2.1503216721276317,0.3,30,0.8444444444444444
1992,Summer,Shooting,18,0.08875739644970412,2.6635695389109104,0.20512820512820512,39,0.9112426035502958
1992,Summer,Swimming,18,0.14186611168921262,2.305936908689108,0.2903225806451613,93,0.8581338883107874
1992,Summer,Synchronized Swimming,3,0.3333333333333333,1.0986122886681096,0.3333333333333333,6,0.6666666666666667
1992,Summer,Table Tennis,6,0.26222222222222225,1.5292482930376912,0.4,15,0.7377777777777778
1992,Summer,Tennis,9,0.1328125,2.1006789212792603,0.1875,16,0.8671875
1992,Summer,Volleyball,5,0.2222222222222222,1.5607104090414063,0.3333333333333333,6,0.7777777777777778
1992,Summer,Water Polo,3,0.3333333333333333,1.0986122886681096,0.3333333333333333,3,0.6666666666666667
1992,Summer,Weightlifting,11,0.16290130796670635,2.0756734225039306,0.3103448275862069,29,0.8370986920332937
1992,Summer,Wrestling,18,0.11833333333333335,2.5015581558404776,0.26666666666666666,60,0.8816666666666666
1996,Summer,Archery,8,0.18055555555555555,1.9072839993213793,0.3333333333333333,12,0.8194444444444444
1996,Summer,Athletics,45,0.056932966023875126,3.3524063826236565,0.17424242424242425,132,0.9430670339761249
1996,Summer,Badminton,5,0.23555555555555557,1.5065950881316383,0.26666666666666666,15,0.7644444444444445
1996,Summer,Baseball,3,0.3333333333333333,1.0986122886681096,0.3333333333333333,3,0.6666666666666667
1996,Summer,Basketball,5,0.2222222222222222,1.5607104090414063,0.3333333333333333,6,0.7777777777777778
1996,Summer,Beach Volleyball,4,0.2777777777777778,1.3296613488547582,0.3333333333333333,6,0.7222222222222222
1996,Summer,Boxing,22,0.07378472222222222,2.832691125435431,0.14583333333333334,48,0.9262152777777778
1996,Summer,Canoeing,19,0.09114583333333333,2.6471008377365677,0.1875,48,0.9088541666666666
1996,Summer,Cycling,13,0.1111111111111111,2.3700568701846634,0.21428571428571427,42,0.8888888888888888
1996,Summer,Diving,5,0.26388888888888895,1.4677339293271523,0.4166666666666667,12,0.736111111111111
1996,Summer,Equestrianism,8,0.16666666666666666,1.9080368345090655,0.2222222222222222,18,0.8333333333333334
1996,Summer,Fencing,8,0.18444444444444447,1.8367794243819655,0.23333333333333334,30,0.8155555555555556
1996,Summer,Football,6,0.16666666666666669,1.7917594692280547,0.16666666666666666,6,0.8333333333333333
1996,Summer,Gymnastics,13,0.131198347107438,2.2205381131534074,0.20454545454545456,44,0.868801652892562
1996,Summer,Handball,6,0.16666666666666669,1.7917594692280547,0.16666666666666666,6,0.8333333333333333
1996,Summer,Hockey,4,0.2777777777777778,1.3296613488547582,0.3333333333333333,6,0.7222222222222222
1996,Summer,Judo,17,0.08928571428571429,2.5878267535788573,0.14285714285714285,56,0.9107142857142857
1996,Summer,Modern Pentathlon,3,0.3333333333333333,1.0986122886681096,0.3333333333333333,3,0.6666666666666667
1996,Summer,Rhythmic Gymnastics,4,0.2777777777777778,1.3296613488547582,0.3333333333333333,6,0.7222222222222222
1996,Summer,Rowing,16,0.0873015873015873,2.586146888860056,0.14285714285714285,42,0.9126984126984127
1996,Summer,Sailing,22,0.053333333333333344,3.014077280571366,0.1,30,0.9466666666666667
1996,Summer,Shooting,15,0.0834567901234568,2.5782731258581983,0.13333333333333333,45,0.9165432098765431
1996,Summer,Softball,3,0.3333333333333333,1.0986122886681096,0.3333333333333333,3,0.6666666666666667
1996,Summer,Swimming,19,0.12630208333333331,2.444944222357232,0.2708333333333333,96,0.8736979166666667
1996,Summer,Synchronized Swimming,3,0.3333333333333333,1.0986122886681096,0.3333333333333333,3,0.6666666666666667
1996,Summer,Table Tennis,4,0.48611111111111105,0.9830877585747855,0.6666666666666666,12,0.513888888888889
1996,Summer,Tennis,7,0.18055555555555558,1.8200759753606217,0.25,12,0.8194444444444444
1996,Summer,Volleyball,6,0.16666666666666669,1.7917594692280547,0.16666666666666666,6,0.8333333333333333
1996,Summer,Water Polo,3,0.3333333333333333,1.0986122886681096,0.3333333333333333,3,0.6666666666666667
1996,Summer,Weightlifting,14,0.09555555555555556,2.479905358728064,0.16666666666666666,30,0.9044444444444444
1996,Summer,Wrestling,23,0.06777777777777778,2.8896469652252326,0.13333333333333333,60,0.9322222222222222
2000,Summer,Archery,7,0.23611111111111116,1.6987829895138011,0.4166666666666667,12,0.7638888888888888
2000,Summer,Athletics,44,0.04684022566119765,3.3866131489817204,0.11510791366906475,139,0.9531597743388024
2000,Summer,Badminton,5,0.35111111111111104,1.2868726303980165,0.5333333333333333,15,0.648888888888889
2000,Summer,Baseball,3,0.3333333333333333,1.0986122886681096,0.3333333333333333,3,0.6666666666666667
2000,Summer,Basketball,5,0.2222222222222222,1.5607104090414063,0.3333333333333333,6,0.7777777777777778
2000,Summer,Beach Volleyball,4,0.33333333333333337,1.242453324894,0.5,6,0.6666666666666666
2000,Summer,Boxing,22,0.0763888888888889,2.809447005506867,0.14583333333333334,48,0.9236111111111112
2000,Summer,Canoeing,17,0.08506944444444445,2.6485033273003493,0.16666666666666666,48,0.9149305555555556
2000,Summer,Cycling,16,0.10003559985760056,2.5122771761221228,0.18867924528301888,53,0.8999644001423994
2000,Summer,Diving,8,0.24305555555555558,1.710057014703336,0.4166666666666667,24,0.7569444444444444
2000,Summer,Equestrianism,9,0.154320987654321,2.0141225292248675,0.2222222222222222,18,0.845679012345679
2000,Summer,Fencing,11,0.1311111111111111,2.182897499410536,0.2,30,0.8688888888888889
2000,Summer,Football,6,0.16666666666666669,1.7917594692280547,0.16666666666666666,6,0.8333333333333333
2000,Summer,Gymnastics,13,0.18820861678004536,2.058196801146029,0.35714285714285715,42,0.8117913832199546
2000,Summer,Handball,6,0.16666666666666669,1.7917594692280547,0.16666666666666666,6,0.8333333333333333
2000,Summer,Hockey,4,0.2777777777777778,1.3296613488547582,0.3333333333333333,6,0.7222222222222222
2000,Summer,Judo,25,0.06951530612244898,2.917752706601736,0.14285714285714285,56,0.9304846938775511
2000,Summer,Modern Pentathlon,5,0.22222222222222227,1.5607104090414063,0.3333333333333333,6,0.7777777777777777
2000,Summer,Rhythmic Gymnastics,3,0.3888888888888889,1.0114042647073518,0.5,6,0.6111111111111112
2000,Summer,Rowing,20,0.07596371882086166,2.7657146622824142,0.14285714285714285,42,0.9240362811791384
2000,Summer,Sailing,15,0.0890725436179982,2.548798603053818,0.15151515151515152,33,0.9109274563820018
2000,Summer,Shooting,26,0.06651287966166859,2.9937725642534514,0.1568627450980392,51,0.9334871203383314
2000,Summer,Softball,3,0.3333333333333333,1.0986122886681096,0.3333333333333333,3,0.6666666666666667
2000,Summer,Swimming,18,0.1638781163434903,2.270844173512334,0.3263157894736842,95,0.8361218836565096
2000,Summer,Synchronized Swimming,4,0.2777777777777778,1.3296613488547582,0.3333333333333333,6,0.7222222222222222
2000,Summer,Table Tennis,5,0.4722222222222221,1.0986122886681098,0.6666666666666666,12,0.5277777777777779
2000,Summer,Taekwondo,18,0.07291666666666666,2.7737179750213112,0.16666666666666666,24,0.9270833333333334
2000,Summer,Tennis,9,0.1388888888888889,2.0947290475276485,0.25,12,0.8611111111111112
2000,Summer,Trampolining,4,0.2777777777777778,1.3296613488547582,0.3333333333333333,6,0.7222222222222222
2000,Summer,Triathlon,5,0.2222222222222222,1.5607104090414063,0.3333333333333333,6,0.7777777777777778
2000,Summer,Volleyball,5,0.2222222222222222,1.5607104090414063,0.3333333333333333,6,0.7777777777777778
2000,Summer,Water Polo,5,0.2222222222222222,1.5607104090414063,0.3333333333333333,6,0.7777777777777778
2000,Summer,Weightlifting,23,0.06765432098765434,2.9205772148749856,0.15555555555555556,45,0.9323456790123457
2000,Summer,Wrestling,22,0.08940972222222221,2.736961861003157,0.1875,48,0.9105902777777778
2004,Summer,Archery,8,0.18055555555555558,1.9072839993213793,0.3333333333333333,12,0.8194444444444444
2004,Summer,Athletics,40,0.07050173010380624,3.1849956405596824,0.18382352941176472,136,0.9294982698961938
2004,Summer,Badminton,6,0.23555555555555555,1.5821699429252505,0.3333333333333333,15,0.7644444444444445
2004,Summer,Baseball,3,0.3333333333333333,1.0986122886681096,0.3333333333333333,3,0.6666666666666667
2004,Summer,Basketball,5,0.2222222222222222,1.5607104090414063,0.3333333333333333,6,0.7777777777777778
2004,Summer,Beach Volleyball,4,0.2777777777777778,1.3296613488547582,0.3333333333333333,6,0.7222222222222222
2004,Summer,Boxing,20,0.08264462809917356,2.7480222267923664,0.18181818181818182,44,0.9173553719008265
2004,Summer,Canoeing,20,0.08420138888888888,2.7295493366501673,0.1875,48,0.9157986111111112
2004,Summer,Cycling,20,0.09259259259259257,2.659968143252894,0.2037037037037037,54,0.9074074074074074
2004,Summer,Diving,7,0.24305555555555552,1.6173434213065387,0.375,24,0.7569444444444444
2004,Summer,Equestrianism,8,0.17901234567901236,1.8751218560198155,0.2777777777777778,18,0.8209876543209876
2004,Summer,Fencing,10,0.14444444444444446,2.0918184564127045,0.23333333333333334,30,0.8555555555555555
2004,Summer,Football,6,0.16666666666666669,1.7917594692280547,0.16666666666666666,6,0.8333333333333333
2004,Summer,Gymnastics,14,0.13378684807256236,2.297600552880173,0.23809523809523808,42,0.8662131519274376
2004,Summer,Handball,6,0.16666666666666669,1.7917594692280547,0.16666666666666666,6,0.8333333333333333
2004,Summer,Hockey,4,0.2777777777777778,1.3296613488547582,0.3333333333333333,6,0.7222222222222222
2004,Summer,Judo,24,0.07971938775510204,2.8283951309699167,0.17857142857142858,56,0.920280612244898
2004,Summer,Modern Pentathlon,6,0.16666666666666669,1.7917594692280547,0.16666666666666666,6,0.8333333333333333
2004,Summer,Rhythmic Gymnastics,4,0.33333333333333337,1.242453324894,0.5,6,0.6666666666666666
2004,Summer,Rowing,23,0.05895691609977325,2.9741405617135754,0.09523809523809523,42,0.9410430839002267
2004,Summer,Sailing,20,0.06703397612488524,2.8587170476478727,0.15151515151515152,33,0.9329660238751147
2004,Summer,Shooting,22,0.09419454056132259,2.725366867342691,0.19607843137254902,51,0.9058054594386774
2004,Summer,Softball,3,0.3333333333333333,1.0986122886681096,0.3333333333333333,3,0.6666666666666667
2004,Summer,Swimming,20,0.13253268147518335,2.4666878580235867,0.28865979381443296,97,0.8674673185248166
2004,Summer,Synchronized Swimming,3,0.3333333333333333,1.0986122886681096,0.3333333333333333,6,0.6666666666666667
2004,Summer,Table Tennis,5,0.33333333333333326,1.3143738430069454,0.5,12,0.6666666666666667
2004,Summer,Taekwondo,13,0.09374999999999999,2.463104643797811,0.16666666666666666,24,0.90625
2004,Summer,Tennis,10,0.125,2.210253577620973,0.25,12,0.875
2004,Summer,Trampolining,5,0.2222222222222222,1.5607104090414063,0.3333333333333333,6,0.7777777777777778
2004,Summer,Triathlon,5,0.2222222222222222,1.5607104090414063,0.3333333333333333,6,0.7777777777777778
2004,Summer,Volleyball,5,0.2222222222222222,1.5607104090414063,0.3333333333333333,6,0.7777777777777778
2004,Summer,Water Polo,6,0.16666666666666669,1.7917594692280547,0.16666666666666666,6,0.8333333333333333
2004,Summer,Weightlifting,20,0.09234567901234568,2.66657381570721,0.17777777777777778,45,0.9076543209876543
2004,Summer,Wrestling,22,0.08230452674897118,2.782224195192822,0.18518518518518517,54,0.9176954732510288
2008,Summer,Archery,6,0.26388888888888884,1.539654447440098,0.4166666666666667,12,0.7361111111111112
2008,Summer,Athletics,41,0.06989795918367347,3.136233360379373,0.16428571428571428,140,0.9301020408163265
2008,Summer,Badminton,4,0.3688888888888889,1.1595697967390537,0.5333333333333333,15,0.6311111111111112
2008,Summer,Baseball,3,0.3333333333333333,1.0986122886681096,0.3333333333333333,3,0.6666666666666667
2008,Summer,Basketball,5,0.2222222222222222,1.5607104090414063,0.3333333333333333,6,0.7777777777777778
2008,Summer,Beach Volleyball,3,0.3333333333333333,1.0986122886681096,0.3333333333333333,6,0.6666666666666667
2008,Summer,Boxing,20,0.07747933884297521,2.7795289168178194,0.18181818181818182,44,0.9225206611570248
2008,Summer,Canoeing,19,0.07812499999999999,2.7357509756356997,0.16666666666666666,48,0.921875
2008,Summer,Cycling,20,0.11179698216735251,2.577888373687237,0.25925925925925924,54,0.8882030178326474
2008,Summer,Diving,7,0.27777777777777773,1.5704321367516019,0.4583333333333333,24,0.7222222222222223
2008,Summer,Equestrianism,9,0.154320987654321,2.0291545628109144,0.2777777777777778,18,0.845679012345679
2008,Summer,Fencing,13,0.13333333333333333,2.2653311021089966,0.23333333333333334,30,0.8666666666666667
2008,Summer,Football,5,0.22222222222222227,1.5607104090414063,0.3333333333333333,6,0.7777777777777777
2008,Summer,Gymnastics,15,0.18367346938775508,2.1447142528035226,0.3333333333333333,42,0.8163265306122449
2008,Summer,Handball,6,0.16666666666666669,1.7917594692280547,0.16666666666666666,6,0.8333333333333333
2008,Summer,Hockey,6,0.16666666666666669,1.7917594692280547,0.16666666666666666,6,0.8333333333333333
2008,Summer,Judo,25,0.06441326530612244,2.9574015734184873,0.125,56,0.9355867346938775
2008,Summer,Modern Pentathlon,5,0.2222222222222222,1.5607104090414063,0.3333333333333333,6,0.7777777777777778
2008,Summer,Rhythmic Gymnastics,4,0.2777777777777778,1.3296613488547582,0.3333333333333333,6,0.7222222222222222
2008,Summer,Rowing,20,0.06689342403628117,2.850202957644796,0.14285714285714285,42,0.9331065759637188
2008,Summer,Sailing,18,0.07988980716253445,2.718931903463561,0.18181818181818182,33,0.9201101928374655
2008,Summer,Shooting,19,0.08740740740740742,2.6702948595921217,0.17777777777777778,45,0.9125925925925926
2008,Summer,Softball,3,0.3333333333333333,1.0986122886681096,0.3333333333333333,3,0.6666666666666667
2008,Summer,Swimming,21,0.14515532544378698,2.4205388871705837,0.2980769230769231,104,0.854844674556213
2008,Summer,Synchronized Swimming,4,0.2777777777777778,1.3296613488547582,0.3333333333333333,6,0.7222222222222222
2008,Summer,Table Tennis,4,0.48611111111111105,0.9830877585747855,0.6666666666666666,12,0.513888888888889
2008,Summer,Taekwondo,22,0.05859375,2.972845711672122,0.125,32,0.94140625
2008,Summer,Tennis,8,0.15277777777777776,1.9792045174343245,0.25,12,0.8472222222222222
2008,Summer,Trampolining,3,0.3888888888888889,1.0114042647073516,0.5,6,0.6111111111111112
2008,Summer,Triathlon,5,0.22222222222222227,1.5607104090414063,0.3333333333333333,6,0.7777777777777777
2008,Summer,Volleyball,4,0.2777777777777778,1.3296613488547582,0.3333333333333333,6,0.7222222222222222
2008,Summer,Water Polo,5,0.2222222222222222,1.5607104090414063,0.3333333333333333,6,0.7777777777777778
2008,Summer,Weightlifting,18,0.09728395061728397,2.598345651406202,0.2,45,0.902716049382716
2008,Summer,Wrestling,28,0.06209085498908947,3.049256630086696,0.15492957746478872,71,0.9379091450109105
2012,Summer,Archery,6,0.20833333333333334,1.6762349391347309,0.3333333333333333,12,0.7916666666666666
2012,Summer,Athletics,41,0.08044403149298254,3.0352479688548075,0.1958041958041958,143,0.9195559685070175
2012,Summer,Badminton,7,0.3244444444444443,1.5065950881316383,0.5333333333333333,15,0.6755555555555557
2012,Summer,Basketball,5,0.2222222222222222,1.5607104090414063,0.3333333333333333,6,0.7777777777777778
2012,Summer,Beach Volleyball,4,0.2777777777777778,1.3296613488547582,0.3333333333333333,6,0.7222222222222222
2012,Summer,Boxing,20,0.06804733727810652,2.8182984048191093,0.11538461538461539,52,0.9319526627218935
2012,Summer,Canoeing,19,0.0798611111111111,2.726292086578979,0.16666666666666666,48,0.9201388888888888
2012,Summer,Cycling,19,0.09818181818181816,2.6076970008272164,0.21818181818181817,55,0.9018181818181819
2012,Summer,Diving,8,0.23611111111111113,1.7347432485702736,0.4166666666666667,24,0.7638888888888888
2012,Summer,Equestrianism,8,0.19135802469135804,1.8271748439445188,0.2777777777777778,18,0.808641975308642
2012,Summer,Fencing,13,0.13111111111111112,2.276657704562023,0.23333333333333334,30,0.8688888888888888
2012,Summer,Football,6,0.16666666666666669,1.7917594692280547,0.16666666666666666,6,0.8333333333333333
2012,Summer,Gymnastics,14,0.12131519274376416,2.3220908200753145,0.19047619047619047,42,0.8786848072562359
2012,Summer,Handball,6,0.16666666666666669,1.7917594692280547,0.16666666666666666,6,0.8333333333333333
2012,Summer,Hockey,5,0.2222222222222222,1.5607104090414063,0.3333333333333333,6,0.7777777777777778
2012,Summer,Judo,23,0.06696428571428571,2.906137033632436,0.125,56,0.9330357142857143
2012,Summer,Modern Pentathlon,6,0.16666666666666669,1.7917594692280547,0.16666666666666666,6,0.8333333333333333
2012,Summer,Rhythmic Gymnastics,3,0.3888888888888889,1.0114042647073518,0.5,6,0.6111111111111112
2012,Summer,Rowing,18,0.09977324263038549,2.582205341125755,0.21428571428571427,42,0.9002267573696145
2012,Summer,Sailing,15,0.0888888888888889,2.560998380349697,0.16666666666666666,30,0.9111111111111111
2012,Summer,Shooting,23,0.07358024691358026,2.869053613819048,0.15555555555555556,45,0.9264197530864198
2012,Summer,Swimming,19,0.1366782006920415,2.4317502799346076,0.30392156862745096,102,0.8633217993079585
2012,Summer,Synchronized Swimming,3,0.3333333333333333,1.0986122886681096,0.3333333333333333,6,0.6666666666666667
2012,Summer,Table Tennis,5,0.3194444444444444,1.3579778549873243,0.5,12,0.6805555555555556
2012,Summer,Taekwondo,21,0.056640625,2.9564942071794795,0.09375,32,0.943359375
2012,Summer,Tennis,8,0.15555555555555556,1.9686932085049351,0.26666666666666666,15,0.8444444444444444
2012,Summer,Trampolining,3,0.5,0.8675632284814612,0.6666666666666666,6,0.5
2012,Summer,Triathlon,5,0.2222222222222222,1.5607104090414063,0.3333333333333333,6,0.7777777777777778
2012,Summer,Volleyball,5,0.22222222222222227,1.5607104090414063,0.3333333333333333,6,0.7777777777777777
2012,Summer,Water Polo,6,0.16666666666666669,1.7917594692280547,0.16666666666666666,6,0.8333333333333333
2012,Summer,Weightlifting,19,0.0814814814814815,2.7105463484611296,0.15555555555555556,45,0.9185185185185185
2012,Summer,Wrestling,29,0.06712962962962965,3.0083576124554727,0.1527777777777778,72,0.9328703703703703
2016,Summer,Archery,7,0.23611111111111116,1.6987829895138011,0.4166666666666667,12,0.7638888888888888
2016,Summer,Athletics,42,0.08254111966198882,3.0875617058817455,0.22695035460992907,141,0.9174588803380112
2016,Summer,Badminton,9,0.1377777777777778,2.0837660374856473,0.2,15,0.8622222222222222
2016,Summer,Basketball,3,0.3333333333333333,1.0986122886681096,0.3333333333333333,6,0.6666666666666667
2016,Summer,Beach Volleyball,5,0.22222222222222227,1.5607104090414063,0.3333333333333333,6,0.7777777777777777
2016,Summer,Boxing,19,0.08189158016147637,2.684290503714484,0.13725490196078433,51,0.9181084198385236
2016,Summer,Canoeing,20,0.06705539358600583,2.842468891294877,0.14285714285714285,49,0.9329446064139941
2016,Summer,Cycling,21,0.09122085048010972,2.7355590621738575,0.2222222222222222,54,0.9087791495198903
2016,Summer,Diving,9,0.22569444444444448,1.8284657726734084,0.4166666666666667,24,0.7743055555555556
2016,Summer,Equestrianism,7,0.20370370370370372,1.7438124571527578,0.3333333333333333,18,0.7962962962962963
2016,Summer,Fencing,10,0.13333333333333333,2.1441432707891592,0.23333333333333334,30,0.8666666666666667
2016,Summer,Football,5,0.2222222222222222,1.5607104090414063,0.3333333333333333,6,0.7777777777777778
2016,Summer,Golf,6,0.16666666666666669,1.7917594692280547,0.16666666666666666,6,0.8333333333333333
2016,Summer,Gymnastics,12,0.15759637188208614,2.119680909673098,0.2857142857142857,42,0.8424036281179139
2016,Summer,Handball,5,0.22222222222222227,1.5607104090414063,0.3333333333333333,6,0.7777777777777777
2016,Summer,Hockey,5,0.2222222222222222,1.5607104090414063,0.3333333333333333,6,0.7777777777777778
2016,Summer,Judo,26,0.07780612244897958,2.949811883454461,0.21428571428571427,56,0.9221938775510204
2016,Summer,Modern Pentathlon,6,0.16666666666666669,1.7917594692280547,0.16666666666666666,6,0.8333333333333333
2016,Summer,Rhythmic Gymnastics,4,0.33333333333333337,1.242453324894,0.5,6,0.6666666666666666
2016,Summer,Rowing,21,0.058956916099773236,2.935117564086538,0.11904761904761904,42,0.9410430839002267
2016,Summer,Rugby Sevens,6,0.16666666666666669,1.7917594692280547,0.16666666666666666,6,0.8333333333333333
2016,Summer,Sailing,17,0.08,2.6731669915179066,0.13333333333333333,30,0.92
2016,Summer,Shooting,19,0.08444444444444445,2.6967358229157155,0.15555555555555556,45,0.9155555555555556
2016,Summer,Swimming,21,0.136094674556213,2.4997585764342047,0.3173076923076923,104,0.863905325443787
2016,Summer,Synchronized Swimming,3,0.3333333333333333,1.0986122886681096,0.3333333333333333,6,0.6666666666666667
2016,Summer,Table Tennis,4,0.3472222222222222,1.1988493129136213,0.5,12,0.6527777777777778
2016,Summer,Taekwondo,20,0.0703125,2.834984629716641,0.15625,32,0.9296875
2016,Summer,Tennis,11,0.12000000000000002,2.2686052856349663,0.2,15,0.88
2016,Summer,Trampolining,4,0.33333333333333337,1.242453324894,0.5,6,0.6666666666666666
2016,Summer,Triathlon,4,0.33333333333333337,1.242453324894,0.5,6,0.6666666666666666
2016,Summer,Volleyball,5,0.2222222222222222,1.5607104090414063,0.3333333333333333,6,0.7777777777777778
2016,Summer,Water Polo,5,0.22222222222222227,1.5607104090414063,0.3333333333333333,6,0.7777777777777777
2016,Summer,Weightlifting,20,0.07753086419753087,2.772159431177569,0.15555555555555556,45,0.9224691358024691
2016,Summer,Wrestling,27,0.06558641975308642,2.9822258851387526,0.125,72,0.9344135802469136
2020,Summer,3x3 Basketball,5,0.2222222222222222,1.5607104090414063,0.3333333333333333,6,0.7777777777777778
2020,Summer,Archery,9,0.14666666666666667,2.0611128325795947,0.26666666666666666,15,0.8533333333333333
2020,Summer,Artistic Gymnastics,17,0.11411573823688478,2.4535793220243556,0.18604651162790697,43,0.8858842617631152
2020,Summer,Artistic Swimming,3,0.3333333333333333,1.0986122886681096,0.3333333333333333,6,0.6666666666666667
2020,Summer,Athletics,43,0.06066743827160494,3.2826611382617856,0.18055555555555555,144,0.9393325617283951
2020,Summer,Badminton,8,0.21777777777777782,1.8065071652616693,0.4,15,0.7822222222222222
2020,Summer,Baseball/Softball,4,0.2777777777777778,1.3296613488547582,0.3333333333333333,6,0.7222222222222222
2020,Summer,Basketball,4,0.2777777777777778,1.3296613488547582,0.3333333333333333,6,0.7222222222222222
2020,Summer,Beach Volleyball,6,0.16666666666666669,1.7917594692280547,0.16666666666666666,6,0.8333333333333333
2020,Summer,Boxing,25,0.0628698224852071,2.979586628583749,0.11538461538461539,52,0.9371301775147929
2020,Summer,Canoe Slalom,7,0.19444444444444445,1.7917594692280554,0.3333333333333333,12,0.8055555555555556
2020,Summer,Canoe Sprint,20,0.07253086419753087,2.8176984045955336,0.16666666666666666,36,0.9274691358024691
2020,Summer,Cycling BMX Freestyle,5,0.22222222222222227,1.5607104090414063,0.3333333333333333,6,0.7777777777777777
2020,Summer,Cycling BMX Racing,3,0.3333333333333333,1.0986122886681096,0.3333333333333333,6,0.6666666666666667
2020,Summer,Cycling Mountain Bike,3,0.5,0.8675632284814612,0.6666666666666666,6,0.5
2020,Summer,Cycling Road,8,0.18055555555555558,1.9072839993213793,0.3333333333333333,12,0.8194444444444444
2020,Summer,Cycling Track,16,0.09876543209876543,2.5454126814394686,0.19444444444444445,36,0.9012345679012346
2020,Summer,Diving,8,0.2951388888888889,1.6031851682402558,0.5,24,0.7048611111111112
2020,Summer,Equestrian,8,0.1728395061728395,1.9041911973400683,0.2777777777777778,18,0.8271604938271605
2020,Summer,Fencing,13,0.125,2.282254310450713,0.2222222222222222,36,0.875
2020,Summer,Football,6,0.16666666666666669,1.7917594692280547,0.16666666666666666,6,0.8333333333333333
2020,Summer,Golf,5,0.2222222222222222,1.5607104090414063,0.3333333333333333,6,0.7777777777777778
2020,Summer,Handball,5,0.2222222222222222,1.5607104090414063,0.3333333333333333,6,0.7777777777777778
2020,Summer,Hockey,6,0.16666666666666669,1.7917594692280547,0.16666666666666666,6,0.8333333333333333
2020,Summer,Judo,26,0.08166666666666667,2.8924377481389167,0.2,60,0.9183333333333333
2020,Summer,Karate,20,0.0625,2.8862023141021287,0.125,32,0.9375
2020,Summer,Marathon Swimming,6,0.16666666666666669,1.7917594692280547,0.16666666666666666,6,0.8333333333333333
2020,Summer,Modern Pentathlon,5,0.22222222222222227,1.5607104090414063,0.3333333333333333,6,0.7777777777777777
2020,Summer,Rhythmic Gymnastics,5,0.2222222222222222,1.5607104090414063,0.3333333333333333,6,0.7777777777777778
2020,Summer,Rowing,18,0.07142857142857142,2.75597610174354,0.11904761904761904,42,0.9285714285714286
2020,Summer,Rugby Sevens,4,0.2777777777777778,1.3296613488547582,0.3333333333333333,6,0.7222222222222222
2020,Summer,Sailing,16,0.08444444444444446,2.6185347948400537,0.16666666666666666,30,0.9155555555555556
2020,Summer,Shooting,19,0.12296296296296298,2.488704387679905,0.24444444444444444,45,0.8770370370370371
2020,Summer,Skateboarding,5,0.2777777777777778,1.4241299173467734,0.4166666666666667,12,0.7222222222222222
2020,Summer,Sport Climbing,5,0.2222222222222222,1.5607104090414063,0.3333333333333333,6,0.7777777777777778
2020,Summer,Surfing,5,0.2222222222222222,1.5607104090414063,0.3333333333333333,6,0.7777777777777778
2020,Summer,Swimming,21,0.13995464852607709,2.4323303404658843,0.2857142857142857,105,0.8600453514739229
2020,Summer,Table Tennis,5,0.31555555555555553,1.3378606778364337,0.4666666666666667,15,0.6844444444444444
2020,Summer,Taekwondo,21,0.0625,2.913172508394483,0.125,32,0.9375
2020,Summer,Tennis,10,0.12000000000000002,2.21106887114461,0.2,15,0.88
2020,Summer,Trampoline Gymnastics,4,0.33333333333333337,1.242453324894,0.5,6,0.6666666666666666
2020,Summer,Triathlon,6,0.20987654320987653,1.6769877743224173,0.3333333333333333,9,0.7901234567901234
2020,Summer,Volleyball,6,0.16666666666666669,1.7917594692280547,0.16666666666666666,6,0.8333333333333333
2020,Summer,Water Polo,5,0.2222222222222222,1.5607104090414063,0.3333333333333333,6,0.7777777777777778
2020,Summer,Weightlifting,24,0.07029478458049886,2.9535918422527354,0.19047619047619047,42,0.9297052154195011
2020,Summer,Wrestling,26,0.0621141975308642,2.99905979197722,0.125,72,0.9378858024691358
2024,Summer,3x3 Basketball,6,0.16666666666666669,1.7917594692280547,0.16666666666666666,6,0.8333333333333333
2024,Summer,Archery,7,0.27111111111111114,1.6151195500604119,0.4666666666666667,15,0.7288888888888889
2024,Summer,Artistic Gymnastics,17,0.11952406706327745,2.4423902815248373,0.20930232558139536,43,0.8804759329367225
2024,Summer,Artistic Swimming,5,0.22222222222222227,1.5607104090414063,0.3333333333333333,6,0.7777777777777777
2024,Summer,Athletics,43,0.07995243757431629,3.171936281337121,0.23448275862068965,145,0.9200475624256838
2024,Summer,Badminton,8,0.18222222222222223,1.8943120247335319,0.3333333333333333,15,0.8177777777777777
2024,Summer,Basketball,4,0.2777777777777778,1.3296613488547582,0.3333333333333333,6,0.7222222222222222
2024,Summer,Beach Volleyball,6,0.16666666666666669,1.7917594692280547,0.16666666666666666,6,0.8333333333333333
2024,Summer,Boxing,32,0.04511834319526628,3.2916349514838634,0.09615384615384616,52,0.9548816568047337
2024,Summer,Breaking,6,0.16666666666666669,1.7917594692280547,0.16666666666666666,6,0.8333333333333333
2024,Summer,Canoe Slalom,10,0.13580246913580246,2.139085894695714,0.2222222222222222,18,0.8641975308641976
2024,Summer,Canoe Sprint,15,0.10509885535900104,2.485798263857064,0.22580645161290322,31,0.8949011446409989
2024,Summer,Cycling BMX Freestyle,6,0.16666666666666669,1.7917594692280547,0.16666666666666666,6,0.8333333333333333
2024,Summer,Cycling BMX Racing,4,0.33333333333333337,1.242453324894,0.5,6,0.6666666666666666
2024,Summer,Cycling Mountain Bike,4,0.28,1.3321790402101223,0.4,5,0.72
2024,Summer,Cycling Road,5,0.25,1.4941751382893085,0.375,8,0.75
2024,Summer,Cycling Track,12,0.12654320987654322,2.2437461337529383,0.2222222222222222,36,0.8734567901234568
2024,Summer,Diving,8,0.2743055555555555,1.6281944017982641,0.4583333333333333,24,0.7256944444444444
2024,Summer,Equestrian,9,0.18518518518518523,1.919223230926115,0.2777777777777778,18,0.8148148148148148
2024,Summer,Fencing,13,0.11265432098765434,2.3439303254989934,0.19444444444444445,36,0.8873456790123456
2024,Summer,Football,6,0.16666666666666669,1.7917594692280547,0.16666666666666666,6,0.8333333333333333
2024,Summer,Golf,6,0.16666666666666669,1.7917594692280547,0.16666666666666666,6,0.8333333333333333
2024,Summer,Handball,5,0.22222222222222227,1.5607104090414063,0.3333333333333333,6,0.7777777777777777
2024,Summer,Hockey,5,0.2222222222222222,1.5607104090414063,0.3333333333333333,6,0.7777777777777778
2024,Summer,Judo,26,0.07388888888888888,2.926465684328073,0.16666666666666666,60,0.9261111111111111
2024,Summer,Marathon Swimming,2,0.5,0.6931471805599453,0.5,2,0.5
2024,Summer,Modern Pentathlon,6,0.16666666666666669,1.7917594692280547,0.16666666666666666,6,0.8333333333333333
2024,Summer,Rhythmic Gymnastics,5,0.2222222222222222,1.5607104090414063,0.3333333333333333,6,0.7777777777777778
2024,Summer,Rowing,16,0.1111111111111111,2.456838583066061,0.19047619047619047,42,0.8888888888888888
2024,Summer,Rugby Sevens,6,0.16666666666666669,1.7917594692280547,0.16666666666666666,6,0.8333333333333333
2024,Summer,Sailing,19,0.06444444444444443,2.846679637214199,0.13333333333333333,30,0.9355555555555556
2024,Summer,Shooting,19,0.10320987654320989,2.588362607518701,0.2222222222222222,45,0.8967901234567901
2024,Summer,Skateboarding,5,0.2361111111111111,1.5171063970610277,0.3333333333333333,12,0.7638888888888888
2024,Summer,Sport Climbing,8,0.1388888888888889,2.0228085294147036,0.16666666666666666,12,0.8611111111111112
2024,Summer,Surfing,4,0.2777777777777778,1.3296613488547582,0.3333333333333333,6,0.7222222222222222
2024,Summer,Swimming,19,0.1382,2.364703189393809,0.27,100,0.8618
2024,Summer,Table Tennis,6,0.2355555555555556,1.6216679171123507,0.4,15,0.7644444444444444
2024,Summer,Taekwondo,23,0.056640625,3.0161674104571183,0.125,32,0.943359375
2024,Summer,Tennis,11,0.10222222222222223,2.3383717048035724,0.13333333333333333,15,0.8977777777777778
2024,Summer,Trampoline Gymnastics,4,0.2777777777777778,1.3296613488547582,0.3333333333333333,6,0.7222222222222222
2024,Summer,Triathlon,4,0.2777777777777778,1.329661348854758,0.3333333333333333,6,0.7222222222222222
2024,Summer,Volleyball,5,0.2222222222222222,1.5607104090414063,0.3333333333333333,6,0.7777777777777778
2024,Summer,Water Polo,6,0.16666666666666669,1.7917594692280547,0.16666666666666666,6,0.8333333333333333
2024,Summer,Weightlifting,20,0.0711111111111111,2.8382572525736753,0.16666666666666666,30,0.9288888888888889
2024,Summer,Wrestling,26,0.07060185185185186,2.928457031183175,0.1527777777777778,72,0.9293981481481481
